identifier	lemma	context	indices_target_token
1980-88-12	下海	海轮途经新加坡，几个洋人向海里扔下几枚钱币，对中国人说：谁下海捞着，钱就归谁	29:31
1955-22-12	下海	福建省沿海各地民兵积极配合人民解放军加强海防巡逻和解放台湾的斗争，并组织了武装护渔队、巡逻队，保卫渔民下海捕鱼	51:53
1958-21-12	下海	这一下，陈建增完全明白这个人是个企图下海投敌的反革命分子	18:20
1986-60-12	下海	据民主柬埔寨电台今天广播，5月26日，柬埔寨磅逊市胶博村的渔民下海捕鱼时，遭到越军的射击	31:33
1961-34-12	下海	此外，许多渔业重点县还组织了一定的技术力量上渔船修理，或派出“修理船”下海巡逻修理，以节省渔船回厂修理的时间	35:37
1954-48-12	下海	为了保证渔民的安全，在渔船下海以前海员工会和保险公司组织了防灾小组，对渔船、渔具进行了检查	13:15
1958-2-12	下海	同时，渔场上又展开了大规模的总路线宣传活动，出海渔民举行了两百多次讨论总路线的船头会（几只渔船头碰头地集在一起开小组会），以地委代书记王裕民为首的各级干部还在下海时积极推销报纸	79:81
1994-82-12	下海	我们的老二，也就在这时候下定决心申请离职“下海”经商了	21:23
1988-80-12	下海	前后来深圳三次，一次比一次热度高，直到去年涨到99％，我才带着全家来‘下海’了	35:37
1959-13-12	下海	平潭县两天来在一万多渔民日益苦战下，基本完成了推船出沙（因防风用沙袋装在船舱里）等下海准备工作	41:43
1993-92-12	下海	我校乔刚同学在习作中给老师的信委婉地揭示出当前教师“下海”的现实，表达了学生对老师的依恋之情，同时也流露出他们的痛惜和忧虑	26:28
1996-70-12	下海	在政治处等政工科室的带动下，不少人开始行动起来，再也不羞于张口，“生意”做得有模有样，“下海”闯市场的感觉找到了	44:46
1998-79-12	下海	B先生说，在这家商业中心兼职“下海”的大学生共有3个	15:17
1993-77-12	下海	徐氏此番“下海”，据内情人透露，系台湾乙传唱片公司老板蔡顺德先生所为	5:7
1961-42-12	下海	驻守在沿海和海岛上的部队一面严密搜索海上敌情，保卫渔民生产，一面下海撒网捕捞鱼虾或在海边种海带，养海蛏等，获得了好收成	32:34
1958-26-12	下海	”他瞅了瞅他现在穿的新皮大氅，又说：“过去我下海、在家，总是穿一件又腥又破的棉短袄；吃呢，一天挣来的钱连啃窝窝头吃都不够……有一次我们有四个人在葫芦岛下潮（出海），半路遇着大风，一个三丈多高的浪头，打翻了我们的小船，其中一个同伴被打下水以后没有踪影了，剩我们三个人在孤岛上冻饿了好几天，好容易才返回来	22:24
1972-44-12	下海	他刚入伍的时候，看到怒涛滚滚的大海就心跳，别说下海游泳，就是坐船出海还头晕呕吐哩	23:25
1988-89-12	下海	他们，也都有自己的甘苦，自己的收益，就记者接触所及，尽管情况不一，见解各异，但他们有一点感受是共同的，那就是：“下海”，天地广阔，任你纵横驰骋，虽艰辛其犹未悔	56:58
1965-19-12	下海	驻守在南海前线的人民解放军部队，热烈响应毛主席的号召，提前下海游泳，掀起苦练水上硬功的热潮	29:31
1954-36-12	下海	辽西省在春汛下海时即已组成九十个渔业生产合作社，一百四十五个互助组	6:8
1996-84-12	下海	自从改革之风吹遍三秦，开放之潮涌开四关，关中人脾气改了，从那日头坡里起来了，袖子一抹，裤腿一挽，也下海捞起了鱼虾	49:51
1977-29-12	下海	他们说：“只要能治好唐山亲人的伤病，别说上山捉毒蛇，就是下海擒蛟龙，俺们也在所不辞	28:30
1994-53-12	下海	近年来，该报围绕“科技成果的评审和鉴定”、“上山与下海”、“科学研究如何选优和评价”等热点问题开展的讨论，受到有关部门、科学家和广大科技人员的欢迎，取得了良好的社会效果	25:27
1958-41-12	下海	原来这个企图下海投敌的反革命分子名叫罗炳珊，接受海匪指示进行破坏活动，公安机关在他的包袱里还查出一包二两重的砒霜	6:8
1960-47-12	下海	格里高利耶夫在不了解情况下，下海去救人，一旦发现这个坏蛋讲述巴宁隐藏革命者的事，他马上想起巴宁是正义的，就在海里将这个密探处死	14:16
2000-63-12	下海	目前，大部分渔船生产都是合伙和个体经营形式，有些农闲时下海，农忙时上岸，渔政部门对这种松散化经营的管理，难度更大	27:29
2003-96-12	下海	当初，曾经热烈讨论着奶酪故事的几位中国法官，一个也没有“下海”，仍然默默地工作在法院的岗位上，当然还有我	28:30
1966-14-12	下海	在大寨人自力更生建设山区革命精神的鼓舞下，他们下海围田，上山开荒，与自然奋战，向天公争粮	23:25
1994-73-12	下海	我一大早跑到了海边，沙滩上多了几条大木船，那是渔民下海夜里归来的吧	25:27
1999-81-12	下海	”1992年，年仅28岁的电子科技大学（原成都电讯工程学院）副教授、1990年度国家机电部“青年教师教书育人”特等奖获得者宋如华，带着5000元辞职“下海”，与两位同事一起创办了托普公司	75:77
1994-64-12	下海	某机关的一位退休干部称，她想购买“北人”股票，下海玩玩	23:25
1994-83-12	下海	过去我曾听说过不少关于死海的神奇故事，下海一游才知道这些故事并没丝毫夸张	19:21
1996-69-12	下海	三亚市即使在严冬季节游人也可下海游泳	14:16
1966-5-12	下海	但是眼前海水像开了锅，一个浪头就是一座山，这时候下海抢救舢板，真好比虎口夺羊，能让同志们去冒这个风险吗	24:26
1993-71-12	下海	所谓“文人下海”竟也成了一种时髦，“文学艺术商品化”的呼声愈来愈高	5:7
1987-90-12	下海	中国海军防险救生部队派潜水员下海堵漏，使油轮安全返港	14:16
1961-49-12	下海	今年辽宁省海洋渔业机械化作业的水平比往年有了进一步的提高，全省下海的机帆船比去年增加了一倍，使远洋捕捞能力大大加强	31:33
1958-1-12	下海	神仙我们当学了总路线，雄心比天强，上天游月宫，下海降龙王	23:25
1958-4-12	下海	今年舟山渔场带鱼汛中出现了“五多”：渔民多、渔船多、渔具多、妇女多、干部下海多	36:38
1969-27-16	体系	他还在会谈中探询了苏修关于勃列日涅夫提出的“亚洲集体安全体系”的设想	28:30
1996-78-16	体系	世界各国的地理条件、环境、资源、人口、文化等各具特点，为了有效地保护其环境和资源，必须制定与其特点、需求相适应的环境法制体系	60:62
1994-66-16	体系	随着社会主义市场经济体制的建立，我们还将进一步加快经济立法的步伐，在不久的将来，建立起社会主义市场经济的法律体系	54:56
1999-62-16	体系	兵器系统是分层次的，如可分为体系层、武器层、部件层	14:16
1963-24-16	体系	如果认为这两种体系各国之间的关系中不可避免地产生的一切问题都应当只用武力解决，排除任何谈判和协议，那是荒谬的	7:9
1999-80-16	体系	十一个方面的概括，既构成了完整严密的体系，又揭示了每个方面的本质规定性，包括我们在形成和坚持党的思想路线、政治路线和组织路线中取得的重要认识成果，在集中力量发展生产力和实行改革开放的历史性决策中应该掌握的重要原则，在不断完善和发展社会主义制度中需要把握的目标、任务和方针政策，在实现社会的全面发展中应当坚持物质文明和精神文明的共同进步，在改革开放和现代化建设中必须维护安定团结的政治局面和争取一个长期的和平国际环境，等等	18:20
1959-33-16	体系	早在资本主义社会，生产力的发展，生产社会性的显露已在一定阶段上使资本主义经济形成为世界体系，使个别资本主义国家变成这个体系的一环	43:45
1963-43-16	体系	帝国主义的反人民的掠夺本性没有改变，但是，随着世界社会主义体系的建立及其经济和军事威力的加强，帝国主义影响历史发展进程的可能性在明显地缩小，同时它反对社会主义国家、反对世界的革命运动和民族解放运动的斗争方式和方法也在变化	29:31
1989-72-16	体系	在建立肉鸡专业化生产体系过程中，外贸公司把农民当作“上帝”，积极为农民提供服务，做到“四到门”，即雏鸡送到门，饲料运到门，防疫和技术指导到门，成鸡收购到门；“两赊销”，即雏鸡、饲料由公司赊销给农民，售鸡后再统一结算	10:12
1955-12-16	体系	他说，美国“将设法寻求德国在一个欧洲安全体系内的重新统一”	20:22
1954-47-16	体系	现在大家都可以清楚看到，美国帝国主义的任何阴谋都决不能阻挡中华人民共和国在国际关系的整个体系中占有它合法的大国地位	44:46
1999-52-16	体系	建国后全区坚持大规模改土治沙，六百余万亩流沙被固定、半固定，受风沙危害的一百五十万亩农田全部实现林网化，结合国家三北防护林体系建设，建成总长一千五百公里的大型防护林带	61:63
1987-51-16	体系	4、以结构合理化和组织合理化为目标建立间接控制体系	23:25
2003-93-16	体系	中方质保人员提出整改要求，使AECL高层意识到了这一管理问题，采取了有效的纠正措施，撤换了质保经理，重新修订质保手册和相关程序，切实加强了对采购和制造过程的控制，并取得ISO9001认证，最终满足设备质保要求，同时促进了该生产厂家质保体系的升级	117:119
1964-28-16	体系	在这两种形态中，国家垄断的资本主义，在国民经济体系中，应当处于领导地位，应当是国民经济的主体；而非垄断性的私人资本主义，则应当是在国家垄断资本主义的领导下面去发展	23:25
1955-30-16	体系	欧洲集体安全体系的建立同德国人民的利害关系不在其他国家之下	6:8
1957-18-16	体系	建议苏法协商促成欧洲安全体系	12:14
1960-10-16	体系	他说，十月社会主义革命在世界资本主义体系的锁链中打开了一个缺口，成为社会发展的转折点	18:20
1958-5-16	体系	波兰人民一向为建立欧洲集体安全体系而努力	15:17
1964-37-16	体系	解放后，当地领导机关领导群众坚持兴修水利工程，经过十多年的艰苦奋斗，现在这里已经建成一个完整的运用自如的引排水利体系，基本上解除了洪涝碱潮灾害的威胁，大片荒地变成了良田，粮食产量不断上升	56:58
1958-44-16	体系	解放军在第二次孟良崮战役中，以忘我的劳动，在短短十三天半内付出五万九千多个劳动日，在万亩荒山上依据不同地形修建了完整的防洪拦沙体系，共挖鱼鳞坑、截水沟、水平沟、截水槽九万一千九百六十个，筑塘坝、谷坊六千六百四十一个，整理倒坡梯田二千零六十三块，完成土方二十一万三千三百三十六又二分之一立方，给全山东人民特别是沂蒙山区人民治山增加了无限信心	63:65
1998-71-16	体系	——关于建立国家创新体系述评	10:12
1959-6-16	体系	据“人民论坛报”报道：波兰统一工人党中央政治局委员英德里霍夫斯基最近在基尔兹市举行的党代表会议上的讲话中指出，苏联共产党第二十一次代表大会开始了苏联共产主义建设的新阶段，开始了在社会主义体系和资本主义体系竞赛的历史上的新阶段	93:95
1959-45-16	体系	这个胜利将意味着当代的基本矛盾——社会主义体系和资本主义体系之间的矛盾以有利于社会主义而获得解决	21:23
2002-53-16	体系	为促进经济发展和社会稳定，逐步提高广大人民群众的生活水平和社会保障待遇，中国政府致力于建设一个与社会主义市场经济体制相适应的健全的社会保障体系	69:71
1993-84-16	体系	它从土地资源和资产的角度，论述了土地管理的基础知识和土地资源评价问题，形成了土地管理理论和方法体系，详细论述了土地资源的制度管理、市场管理和法律管理	47:49
1959-9-16	体系	它再一次有力地证明苏联人民对世界各国的劳动人民履行着国际主义的职责，这个计划将进一步加强世界社会主义体系，有助于加强全世界的持久和平	50:52
1958-41-16	体系	社会主义变成世界体系这一事实，改变了现代历史的潮流，在人类生活中揭开了一个新的时代	8:10
1982-77-16	体系	这样，全公社从党委书记、主任到每个干部、社员，包括技术员、电话员、广播员、炊事员、保育员；从公社各部门到大队、生产队、企业、车间、班组，都实行了同按劳分配相结合的责任制，形成一个以干部岗位责任制为“龙头”带动社员责任制落实，以纯收入为“龙头”带动各项经济指标落实的责任制体系	135:137
1992-82-16	体系	新核算体系方案是以马克思主义的再生产理论为指导，从我国实际情况出发，吸收国际上科学的核算方法和有益经验而设计的，具有较强的实用性，并经各地试点试算证明是可行的，可以付诸实施	3:5
1973-7-16	体系	所谓“巴列夫防线”，就是指以色列在运河东岸沿岸修建的一条巨大的防御工事体系，用当时以色列参谋长哈伊姆·巴列夫的名字命名的	35:37
1964-48-16	体系	萨伊把亚当·斯密的经济学中固有的庸俗成分发展成一套独立的体系	28:30
1980-50-16	体系	经过三十年的建设，我们已经初步建成了一个从矿山到冶炼到加工成材的有色金属工业生产体系，开始培养了一支工程技术骨干队伍，有一支产业工人大军	40:42
1990-73-16	体系	在不久前结束的拉美地区债务会议上，拉美经济体系组织的２６个成员国一致通过了一项解决债务问题的地区性建议	21:23
1999-94-16	体系	广州海事法院归入国家司法体系	12:14
1998-99-16	体系	为全面改革教学体系和教学内容，鼓励个性发展，学校将33个工科本科专业合并为11个学科大类组织教学，经过一年的基础教育后，允许一定比例的优秀学生根据自身的发展条件，在全校范围内和在学科大类内调整专业	7:9
2003-75-16	体系	其诗论具有独立的美学体系和特殊的理论架构，概略说来，主要就是：入于生活、出于生活的诗源论，博大雄健现实美的本体论，含蓄凝练艺术美的创作论，人品诗品相统一的诗人论，诗益人生、有补于世的诗用论，知人论世、以意逆志的鉴赏论，广收博采、继承创新的因革论，标举真善美三原则的作品论，都具有不同凡俗的进步品格	10:12
1998-61-16	体系	只有真正掌握邓小平理论的科学体系和精神实质，才能深刻把握社会主义建设的客观规律，不断增强把建设有中国特色社会主义事业全面推向前进的决心和信心；才能在对外开放和发展社会主义市场经济的新形势下，不断提高驾驭全局、处理各种矛盾和复杂情况的能力；才能使军队现代化建设跟上世界军事发展的趋势，把我军的建设和改革提高到一个新水平	14:16
1995-97-16	体系	全世界则有“十小时即达”的设想，是以汽车为中心，建设全球性交通体系，把世界变得更小，更活跃，经济更发达	31:33
1958-25-16	体系	1955年8月，参加“欧洲支付同盟”的十七个会员国签订了“欧洲货币协定”，准备提供一笔“欧洲信贷基金”六亿美元，所有会员国成为一个多边的清算体系，使各参加国能够自由兑换货币	70:72
1996-75-31	停业	地震给神户市的工厂和商业带来了毁灭性的打击，９０％的工厂、商店停工停业	33:35
1998-59-31	停业	证券公司成立后，无正当理由超过三个月未开始营业的，或者开业后自行停业连续三个月以上的，由公司登记机关吊销其公司营业执照	32:34
1996-93-31	停业	一位忙得不可开交的杂货店老板娘说，２０日那天她要停业去投票站投票	24:26
2002-76-31	停业	而按照通常的“整顿思维”，不外乎先让所有司机停业，再重新登记淘汰一批，或者强令司机们分单双号上路营业，再或者干脆由有关部门来组建一支客运队	22:24
1964-5-31	停业	勒令一美国伐木公司停业	9:11
1970-4-31	停业	这次罢工已经迫使澳大利亚第一大城悉尼百分之九十八的加油站停业，市内交通运输陷于瘫痪	28:30
2003-80-31	停业	巴格达街头平静，但行人稀少，大部分商店关门停业	21:23
1963-25-31	停业	去年冬天，印度政府把她们的丈夫无辜投入集中营，他们开设的作坊和小店也先后被迫停业，生活因而愈来愈艰难，家具衣物变卖殆尽	38:40
1984-64-31	停业	城内一家因亏损停业20多天的“同春园”饭店，两个月前改为专门经营羊肉膳食，顾客盈门，日日盈利	7:9
1960-12-31	停业	印度尼西亚政府从今年1月1日起禁止外侨小商贩在全国县以下地区营业后，已有数十万华侨小商贩被迫停业	46:48
1961-21-31	停业	《联合报》又说，台湾各地已有二十一家营造厂停业倒闭	21:23
2001-86-31	停业	在贯彻公安部等11个部委局关于开展公众聚集场所消防安全专项治理工作中，四川省公安消防总队周密部署，积极行动，对不符合消防安全规定的场所该取缔的坚决取缔，该停业整改的责令其立即停业整改，显示出把火灾隐患消灭在萌芽状态的决心	77:79
1958-15-31	停业	贫民被捕摊贩被迫停业台北市民倒霉遭殃	8:10
1996-72-31	停业	第十六条乡镇企业停业、终止，已经建立社会保险制度的，按照有关规定安排职工；依法订立劳动合同的，按照合同的约定办理	8:10
1955-45-31	停业	先后有十一户绸布店停业，一户转业，三户合并，剩下的二十三户中也有许多户难以维持	9:11
2000-50-31	停业	逾期不改正的，由省级以上人民政府产品质量监督部门予以公告；公告后经复查仍不合格的，责令停业，限期整顿；整顿期满后经复查产品质量仍不合格的，吊销营业执照	43:45
1973-18-31	停业	已经持续一个星期的这次罢工使乌拉圭大部分工厂、商店、银行和机关停工停业，港口、铁路、省际运输也陷于瘫痪状态	33:35
1963-41-31	停业	政府机关关门，学校停课，商业也都停业	16:18
1958-17-31	停业	这家报纸列举了一批新近倒闭和即将倒闭的工厂和公司的名单后说，南越“小工业的三分之二和工业的四分之三已经停业”	51:53
1999-61-31	停业	听证制度在行政处罚中主要是在责令停产停业、吊销许可证或执照、较大数额罚款等行政处罚的具体行政行为中适用	18:20
2003-95-31	停业	在近9300平方英里的广阔地带，由于没有电，飞机停飞、火车停运、地铁停驶、工厂停工、商店停业……原有的经济生活秩序顿时运转失灵	44:46
1982-62-31	停业	当地税务机关办理开业或停业的税务登记	11:13
1958-19-31	停业	遂宁、南充等地许多城镇居民、工商业者、机关干部、学校师生，也都停业放假，帮助农民抢收	31:33
1969-16-31	停业	在巴基斯坦首都拉瓦尔品第市中心的商店继续停业，学生和公众在清真寺里举行集会，并通过支援阿拉伯人民反对犹太复国主义的决议	20:22
1958-29-31	停业	据今天的“光明报”报道，夏蒙分子和国家社会党匪徒昨天一整天继续在贝鲁特开枪打人，企图迫使居民罢工停业，但是他们的企图没有实现，因为全体人民都坚决要使局势恢复正常	48:50
1999-91-31	停业	本报北京11月8日讯记者任建民报道：我国银行业解决计算机2000年问题工作进展顺利，各银行和有关金融机构已成功进行了解决2000年问题的三次停业测试，主要应用系统已经基本就绪，在2000年来临时，能够支持各项业务顺利开展	70:72
1998-56-31	停业	位于江苏南京的全国最大的西游记城日前悄无声息地“停业维修”，实际上即是关门	24:26
1987-82-31	停业	为了悼念惨遭不幸的卡拉米，黎巴嫩全国所有的商店、银行、学校都停业、停课	30:32
1985-63-31	停业	她告诉我什么日子须让诊所停业，而把那里的大小钥匙交给她	12:14
1956-0-31	停业	举几个例子吧：胶县贾悦区尹海明农业社在集市开设一个菜馆，还摆摊零售各种干鲜水产、小百货、粉条等四十多种商品，并且用十多辆手推车贩运鸡蛋和工业品出卖；菏泽县新兴集农业社在集镇上出售旱烟、酱油和醋，还开设旅馆、饭馆，因而供销社的合作饭店被迫停业	118:120
1961-31-31	停业	同年4月、5月，两次破获了帝国主义所策划的颠复阴谋；8月，又勒令一批法国银行停业	38:40
1971-37-31	停业	全国邮件投递工作完全停顿，大批商店停业，垄断资产阶级遭到重大损失	17:19
1999-51-31	停业	福建省日前关停一批重点污染企业，其中3家家庭作坊式鞋厂被关闭，24家企业被停业治理，7家企业被加倍征收超标排污费	37:39
1978-28-31	停业	”属于后一种带社会主义性质的措施的，是颁布关于房租、没收停业工厂和作坊并将其交给工人团体、禁止工厂罚款、无偿发还典当物品等法令	28:30
1958-9-31	停业	24日清晨，长枪党和国家社会党的武装匪徒即四出强迫贝鲁特的工商业主停业，企图实行他们所搞的“总罢工”	33:35
1974-23-31	停业	从今年六月到八月，停业的企业比去年同期增加了百分之四十五；在十月份，停业的企业达八千家	9:11
1995-90-31	停业	苏州宝碟公司“制黄”盗版被停业	13:15
1997-67-31	停业	１９９６年初，钦州不少个体工商业户因不满收费过多过乱，纷纷停业，市委、市政府从清理乱收费入手，放手鼓励个体工商业户大胆发展	29:31
1984-79-31	停业	在这一系列的阻力和打击下，李相元终于关门停业了	20:22
1963-3-31	停业	但是，《纽约每日镜报》的停业，对于那些在这家报馆中为赫斯特家族辛辛苦苦工作了几十年、直到报纸关门那一天，仍然对关门一事毫无所知的一千六百多名职工，却是真正的悲剧	12:14
1955-37-38	储粮	指示说，当前粮食保管工作的特点是：任务增大，仓房不足，储粮分散，粮食品种繁多，部分粮食水分大，在保管上还缺乏成熟的经验	27:29
1984-98-38	储粮	还可以租借公房、民房、利用社会空闲仓房储粮	19:21
1958-0-38	储粮	湖南各地的粮食部门也开始了储粮检查	13:15
1997-59-38	储粮	这些由国家、集体、个人一起开办的“粮食储蓄所”具有较完备的运作方式，它为农民发放统一的储粮本，农民随吃随取，储存粮食可调剂串换品种，也可按市场价协商后代卖给粮食储蓄所换取现金，很受农民欢迎	43:45
1969-32-38	储粮	盐城县东豆六队从教育着手做好储粮工作	14:16
1972-3-38	储粮	到目前为止，全县社队集体储粮五千二百八十多万斤，社员个人储粮八百八十七万斤	12:14
2003-93-38	储粮	公司党组经过研究，决定从2002年起在全系统开展“我是中储粮人”宣传教育活动	28:30
1991-96-38	储粮	如普遍推广新型储粮设施，改进储粮技术，全国一年可减少粮食损失１００亿公斤以上	7:9
1971-1-38	储粮	由于我们对客观世界规律性的不断认识，赢得了安全储粮的主动权，避开了客观条件的不利影响，利用了客观条件的有利因素，有力地指导了储粮工作	23:25
1991-58-38	储粮	安化确保储粮安全度过雨季	4:6
1972-42-38	储粮	我们大队遵照毛主席关于“备战、备荒、为人民”的教导，在连续多年丰收的基础上，储粮二十多万斤	38:40
1973-48-38	储粮	各粮库普遍建立健全了合理的规章制度，大力开展无虫害、无霉烂、无鼠雀、无事故的“四无”活动，不断摸索和总结粮食保管规律，保证储粮安全	61:63
1969-25-38	储粮	明水县广大贫下中农是从增产出发，从节约入手，积极开展储粮建仓工作的	26:28
1958-49-38	储粮	在生产发展的基础上开展节约储粮	13:15
1991-97-38	储粮	１９９０年，这个县各平价粮油代理单位平均储粮达８万吨，比１９８９年增加３万吨，增长６０％	20:22
1984-56-38	储粮	据《吉林日报》报道：到今年1月10日，吉林省民代国储粮已达39．71亿斤	25:27
1972-23-38	储粮	在搞好集体储粮的同时，他们还注意帮助社员安排好生活，实行计划用粮，节约用粮	5:7
1995-66-38	储粮	我们弓着腰，沿曲折的地道摸索前进，指挥部、储粮室、路标以及陷阱依稀可辨	21:23
1976-26-38	储粮	苏联不止一次靠西方的粮食应付农业危机，并借此储粮备战	22:24
1991-92-38	储粮	一是卖粮难、储粮难、调粮难、粮价下跌、保护价保不住；二是种粮效益比较低，农民增产不增收；三是现行的粮食政策，造成了产粮、储粮越多，地方财政的负担也越重，亏损也越大的情况	6:8
1990-68-38	储粮	调查表明，农村储粮的平均损失率约为百分之十，按我国每年粮食总产四千亿公斤计算，即每年有约三百亿公斤的粮食在收获到手后白白浪费了	7:9
1961-30-38	储粮	这个仓库除了坚持定期检查测报制度以外，在立春前后开展了三次储粮安全大普查	29:31
1972-16-38	储粮	华二大队对集体储备粮还制定了不到战时不动用、不遇荒年不动用、不经社员大会讨论批准不动用的制度，坚持储粮备战备荒	49:51
1969-7-38	储粮	今年秋天，在研究储粮建仓的问题时，革委会中有的成员产生了自满情绪，觉得从无产阶级文化大革命以来，全县的集体储备粮显著增加，新建了大批粮仓，认为储粮建仓搞得“差不多”了，不一定再搞了	8:10
1984-95-38	储粮	尤其是仓储设施的分布情况很不平衡，一些贫困地区历来吃调进粮，缺少仓储设施，而这几年来，这些低产地区、短粮地区一跃成了余粮地区，因此“卖粮难”、“储粮难”尤为突出	72:74
1997-91-38	储粮	截至目前，“文化服务团”已把６０００册图书、１万份春联、电影《被告山杠爷》和《农民储粮防虫害》等拷贝，送到全省１０个市、地的１００多个村庄，为农民送戏５００多场；“支农、支边医疗队”下派４０批，为４０００多名村民免费诊治	41:43
1972-34-38	储粮	花园粮店在帮助群众搞好节粮储粮的工作中，认真做到储粮自愿、取粮自由和储粮归己，调动了群众节粮储粮的积极性	13:15
1991-67-38	储粮	答：根据读者的要求，介绍几种适合农户储粮的装具	18:20
1990-62-38	储粮	如果各地区、各部门都能以大局为重，尽可能将富余的仓库腾出来储粮，我国当前粮食仓库不足的问题就可得到一定程度的缓解	29:31
1997-53-38	储粮	粮食主产区农户储粮较多的地方，粮食部门要派出有经验的保管员和技术人员深入农村、农户家指导安全储粮	7:9
1991-82-38	储粮	这一筒仓可储粮６３５００吨，由４８个直径８米、高３９米的主仓和３０个星仓组成	5:7
1969-20-38	储粮	山东省牟平县高陵公社革委会，坚决贯彻伟大领袖毛主席的“备战、备荒、为人民”的伟大方针，广泛发动群众，大搞储粮建仓，取得了显著成绩	52:54
1984-72-38	储粮	长远之计，当然以多建永久性粮仓为宜，但“远水解不了近渴”，鹿邑县粮食局在总结当地群众储粮经验的基础上，设计出适于农家储粮的“格子仓”，缓和了储粮难	42:44
1997-52-38	储粮	同时也要鼓励农民储粮备荒	8:10
1971-17-38	储粮	县革委会就帮助他们学习毛主席的有关教导和开展革命大批判，使大家提高了认识，节约储粮工作又开展起来，现在全公社储粮又有增加	39:41
1991-70-38	储粮	田纪云说，近几年农业形势很好，特别是去年的粮食大丰收，使我国出现国家储粮难、农民卖粮难的现象	34:36
1972-19-38	储粮	经过无产阶级文化大革命，广大社员以大寨为榜样，认真贯彻执行“以粮为纲，全面发展”的方针，正确处理了农业与副业的关系，粮食生产稳步上升，前年亩产超《纲要》，集体有储粮，社员有余粮	80:82
1981-71-38	储粮	比如大缸问题，农民手里粮食多了，要用大缸储粮	20:22
1955-24-38	储粮	江西省南昌县各地粮食仓库除少数留作供应的粮食外，百分之八十以上的储粮都进行了防潮密闭工作	32:34
1972-2-38	储粮	无产阶级文化大革命中，这个大队的干部和社员反复学习毛主席关于“备战、备荒、为人民”的教导，狠批刘少奇一类骗子在粮食问题上散布的“分光吃光”等谬论，大大提高了节约储粮，备战备荒的自觉性	80:82
2001-75-21	出血	千方百计要在数字上压倒别人，虽出尽了风头，却因出血太多，造成企业资金困难，有的甚至迟迟不能兑现，被新闻媒体曝了光	23:25
1972-6-21	出血	刚刚疲倦地躺在床上，就听见有人来找赵斌，低声地告诉说：稻王大队贫农社员王翠侠难产，小孩一天多没生下来，现在抬到了医院，由于出血过多，昏迷不醒……	61:63
2001-85-21	出血	根据死者面部多处表皮剥脱，唇周片状皮下出血；以及口唇、双手指甲紫绀，眼部及心、肺少量出血点，气管内大量泡沫状液体等特征，证实魏志华系被他人捂住口鼻致机械性窒息死亡	19:21
1963-8-21	出血	”有的说，“徐书记一个钱顶两个钱花，不到刀刃上不出血	24:26
2003-79-21	出血	医生们还发现，有些非典病人后期出现了造血系统的病变：贫血、出血、骨髓网状化	29:31
1962-31-21	出血	”意思是见到咳痰和出血等病症应当给予化痰和止血，但是首先要明确咳痰和出血的病因，如果不了解发病的因素，便用一般的药物去治疗，不仅庸俗化而且是不解决问题的	9:11
1965-46-21	出血	个别出血不止、血压下降，进入严重休克状态的危险病人，经过中西医综合抢救和治疗，效果也很好	2:4
1979-91-21	出血	这种方法出血少，一般无痛或只有微痛	4:6
1973-11-21	出血	他白天顶着烈日练，晚上借着月光练，练手功，练运弧，时而仰，时而爬，手磨起血泡，膝盖爬出血口子……，工夫不负有心人，他终于用几天的时间，练熟了保证管线焊接质量的本领	42:44
1998-51-21	出血	面对奔腾赛扬266电脑出厂价不过4000余元，家庭影院“声扬21”系统每套出厂价不过2800元，“声扬29”系统每套4900元的全国电脑最低价格，参加胜利电脑产品展销会的经销商都有一种担心：胜利电脑是否追求哗众取宠的轰动效应玩出血价	113:115
1981-80-21	出血	但是，剖腹产毕竟不是自然的生产途径，出血和感染的机会增多，产后的恢复期要延长	18:20
1960-23-21	出血	这时，多数人认为希望出血自行停止是幻想，只能手术切掉出血的胃脏，以争取最后的机会	10:12
2003-57-21	出血	10多个小时过去了，产妇慢慢苏醒过来；24个小时过去了，碘仿纱条从宫腔取出，出血完全止住	38:40
1960-26-21	出血	在反复出血的过程中，医生们不断地讨论、研究治疗方案	3:5
1971-24-21	出血	有一个女社员产后出血不止，转到公社医院仍未治好	8:10
1985-84-21	出血	一位女青年在检查中被发现患有先天性广泛性毛细血管瘤，这种病遗传再发率高，并有出血危险	38:40
1986-96-21	出血	宫内节育器出血机理的研究（北京宣武医院、天津计划生育研究所、浙江医科大学）	5:7
1969-14-21	出血	分离粘连以及引起广泛的出血和渗血，又给手术增加不少困难	11:13
1960-44-21	出血	创伤后大片胃粘膜脱落，这样多次的止血，用了十二种止血药物没有止住，而中西医共同会诊，综合治疗止住了猛烈的出血，祖国的医学在这里发出了夺目的光芒	52:54
1965-41-21	出血	鞠庆东被打得满脸青肿，我身上被打得数处皮下出血	21:23
1996-78-21	出血	要让利，就得让个明明白白、真真切切，不能老让消费者代为“出血”	28:30
1989-83-21	出血	去年１２月３１日，天津河西区人大代表关凯和同事王津因批评一个体商贩售水果缺斤短两，并出示人民代表检查证，围观的个体商贩袁世文等人趋前滋事，将王津打得左胸一肋骨折，将关凯打得鼻部出血，腰部拙伤后外逃	88:90
1970-32-21	出血	群众编成顺口溜说：“出血不用愁，快上‘八牯牛’；肠炎不可怕，快服‘高粮花’；产后失血不用慌，赶快服下‘百草霜’	10:12
1997-50-21	出血	那天深夜，他看到一个同院重病人要跳楼自杀时，奋不顾身地扑上去救护，最后因体内大面积出血而告别了他挚爱的亲人和祖国	41:43
1984-76-21	出血	两位伤者都颅内出血和血肿，急需做手术	7:9
1973-12-21	出血	去年秋天，杨大娘的病又加重了，浑身发肿，出脓出血	22:24
1966-27-21	出血	职员林慎木腹部被击破出血，伤势尤为严重	10:12
1961-2-21	出血	郑海生口角出血，瞪着眼睛看着徐监工，头倒下死了	5:7
1964-28-21	出血	把稀释血液注入仪器的一个玻璃杯内，一按电钮就能计算出血球数目	25:27
1986-88-21	出血	温补指食性温的食物，如牛肉、羊肉、乳类、荔枝、桂元等，阳虚者常吃这类食物可帮助生热，改善怕冷的感觉；阴虚之体则不宜多吃，多吃反会加重内热，而出现咽干、牙龈肿痛、出血、便秘等证	80:82
1957-21-21	出血	缺乏了成胶素，血管的渗透性和脆性都要增加，变得容易破裂出血，人就要得坏血病了	27:29
2003-62-21	出血	特别发现了若干个潜在的、可能与破坏上皮细胞、干扰凝血平衡系统有关的基因，为进一步认识钩端螺旋体病典型的小血管上皮细胞损伤和黄胆出血型等严重感染特有的广泛的脏器出血，尤其是突发性肺大出血等病理现象提供了新的思路	63:65
1984-90-21	出血	浙江省淡水研究所通过对草鱼病的研究，成功地将草鱼吻端组织细胞，在草鱼体外进行人工培养，使之稳定地生存，至今已分裂传代到230代；他们还在这新建立的细胞株上接种，繁殖草鱼出血病毒，然后经过灭活（杀死）处理，注射进一龄草鱼体，与注射没经灭活处理病毒的草鱼对比，前者成活率达100％，后者死亡率达95％至100％	84:86
1984-77-21	出血	这样，区别病情、病型，采用不同的手术和治疗方法，既可减轻病人痛苦，又可避免手术后的脱线、出血、肛门直肠狭窄、肛门失禁、皮肤内陷、粘膜外翻等后遗症，治愈率高，效果好	44:46
1956-5-21	出血	杨遇夫（树达）先生于2月14日上午二时半因高血压症，消化道出血逝世于长沙湖南医学院附属医院	29:31
2000-98-21	出血	较标准的异基因骨髓移植，此方法一是预处理相对温和，病人痛苦小，对全身各脏器的毒副作用轻，感染、出血机会减少，安全性高；二是混合嵌合体的出现，形成宿主与供体之间双向免疫耐受，既减轻了排斥反应，又减轻了移植物抗宿主病，这样供、受体之间配型不完全相合也能接受治疗，对供体的条件限制大大拓宽；三是适应症放宽，一些不适宜标准骨髓移植的老年患者以及有肝、肾等脏器损害的患者，也可得到治疗	47:49
1995-74-21	出血	谁能料到，这位胃病专家，自己却累得胃广泛性出血	21:23
1973-43-21	出血	这时，二队一位社员来敲门，说贫农社员邢淑珍产后出血	23:25
1955-18-21	出血	使用这种药物疗法比西医手术疗法不但方法简便，不易出血，能够减少病人痛苦，而且治好以后，就不会再犯	24:26
1999-99-21	出血	这种“出血”大甩卖现象严重干扰了正常的市场秩序	3:5
1996-82-9	宰	宰一刀是一刀绝不是我们的做法	0:1
1957-5-9	宰	我想，如果把这些架子猪宰了，肥猪又从哪里来呢	11:12
2003-53-9	宰	以往，病人看病不仅要排队等上半天，还经常是被冷脸相对，更别提被各种昂贵的药品“宰”得没商量	39:40
1965-0-9	宰	平时，社员们宰只鸡，杀口猪，或者过个什么节，都要生拉硬扯请建元去吃；他要是不去，主人就会老大不高兴	6:7
1989-85-9	宰	当走到距洒焦雨村约１．５公里的地方时，黎学元突然大喊：“不送保卫科了，老子今天非把他宰了不可	42:43
1958-46-9	宰	忍受着帝国主义的压迫，不作声，不抵抗，予取予求，羔羊待宰，这也是一种和平；坚决起来斗争，使帝国主义者不敢乱说乱动，这也是一种和平	27:28
1974-19-9	宰	他威风凛凛，手按宝剑，怒目圆睁，首先警告孔老二：你要瞎说八道，就宰了你	32:33
1954-3-9	宰	今年麦收前后三个月当中，全社十五户宰吃了两口猪	17:18
1996-98-9	宰	能宰则宰，宰不着再变，恐怕不会有好名声的	1:2
1995-51-9	宰	过节之前，穆斯林要把庭院打扫得干干净净，宰牛羊，做糕点，沐浴礼拜，举行聚礼仪式，听阿訇念《古兰经》，互相拜访，主人用牛羊肉和瓜果招待宾客	20:21
2002-75-9	宰	我们想只要车能修好，贵一点也只能由他宰了	18:19
1978-48-9	宰	这些小牛犊除了部分培养作为后备，大部分生下来就宰了	23:24
2003-69-9	宰	并且，根据目前的法规，对私屠乱宰只能进行一般的处罚，对一些胆大妄为之徒威慑力不大	15:16
1994-86-9	宰	甚至有不少人把漫天要价、讨价还价看作是市场经济的一个基本特征——先是在南方沿海地区，后波及全国各地，在集贸市场上，一件成本五六十元的时装，商贩竟能张口开价三四百元……更让人难以理解的是，一些人还对此津津乐道，大加赞赏，誉之为“市场经济观念强”，似乎漫天要价、“宰人”、“坑人”是市场经济的真谛	130:131
1956-29-9	宰	刚到这里的猪先试体温，超过四十度的，就要隔离检查；有的病猪，不等进厂，就在急宰间宰了，另外处理	38:39
1993-84-9	宰	如果羊在受宰过程中安静无声，则标志着来年风调雨顺，否则便不是好兆头	5:6
1960-10-9	宰	目前，这个屠宰场宰的猪，除了一部分有特殊用途的以外，全部剥了皮	6:7
2003-54-9	宰	后来经人提醒，才知道是被“黑车”宰了——按照正常情况，从北京站到公主坟只需30元左右的车费	16:17
1969-17-9	宰	（从台阶上奔下）你想借三爷的刀来杀我，我悔不该在白松湾喝酒的时候，不一刀宰了你	36:37
1957-37-9	宰	到春节前夕，社里决定宰十五头大肥猪，连同社里的一部分副业产品——鲜蛋、鲜鱼和近八千元现金一并分给社员	10:11
1966-39-9	宰	美国主子对它的南越走狗，要宰就宰，要换就换	13:14
1959-6-9	宰	“红缨大刀”里单人匹马地一气宰了百八十个洋毛子之后，大笑一声震坍了皇龙桥，吓得洋毛子连枪也放不响了的刘老爹，临死时还把红缨大刀传给儿子，嘱咐他去找神兵继续战斗；“托塔李天王”中智勇双全、富有斗争经验的黄老三，为了保存革命力量，自己挡住敌人，使李大良脱险再去联络兄弟，继续斗争，表现了高度的自我牺牲的高贵品质	14:15
1998-77-9	宰	据新华社沈阳11月19日电（记者贺劲松）尽管目前大中城市居民基本可吃上“放心肉”，但生猪私屠滥宰现象并未杜绝，国家内贸局将全面展开对生猪私屠滥宰的清理整顿，坚决不留空白和死角	47:48
1999-92-9	宰	姜增伟指出，对私屠滥宰的清理整顿，要根据设置规划，实行专项整顿与经常检查相结合，常抓不懈	10:11
1963-38-9	宰	《日本书记》载称，主管“日本府”的官吏“宰”常出入于“任那”，呼唤“新罗”、“百济”、“告马”的“告尼给希”（王的意思），责骂、侮辱	20:21
1967-21-9	宰	然而，在肖洛霍夫的《被开垦的处女地》中，贫下中农却是贪生怕死，自私自利，宰家畜，抢谷种，一味地对抗和破坏集体化运动的“坏分子”；党的干部又是地地道道的右倾机会主义者和歇斯底里的疯子，甚至声言要把劳动群众“全都绞死”……	36:37
1970-7-9	宰	冯礼以为父亲的思想问题已经解决了，但是到了去年十一月，家里第二头猪长大时，他父亲又提出要把猪卖给别人宰	50:51
1998-74-9	宰	对此，国家内贸局将加大生猪屠宰管理力度，严厉查处私屠滥宰行为	14:15
1955-22-9	宰	供应商店当时宰了一部分将要断气的牛，把一部分牛肉廉价出售，剩下来的六百多斤牛肉就煮熟后腌起来，装在篓里，准备以后出售	6:7
1958-24-9	宰	概括起来，他们主要作了三个改革：一是过去接运、饲养和候宰工序各属各的工段，互不协作，结果接运工序没有把病猪全部剔出，就送到饲养仓库，饲养工既要按白毛、花毛、黑毛猪分类，又要选剔病猪，弄得工作很紧张	27:28
1963-4-9	宰	我们还不信，他却带领几支枪，到郑家埠捉了一个大地主来，宰了他一头猪，罚了三百块大洋	27:28
1992-66-9	宰	据有关部门对辽宁省12个市和4个县城2047户家庭挨“宰”的调查推算：全省城镇居民被“宰”总金额全年达1．3亿元以上	27:28
1993-76-9	宰	比起明“宰”来，暗“宰”更具隐蔽性，让你哑巴吃黄连——有苦说不出	4:5
1959-11-9	宰	一头海猪宰开来，在集镇上很快就连鱼肚、鱼肠、鱼血一起都通通卖光了	4:5
1956-43-9	宰	仅在1955年11月中旬到12月28日的40天中，这个矿就宰了耕牛26头，其中有不少还是母牛和幼牛	29:30
1998-70-9	宰	他说：“现在农村发生饥荒，水肿病人那么多，还有那么多人家炉锅吊起做钟打，耕牛也很少，宰了很多，一些人不敢讲实话真话，我看今后还得讲实话真话	42:43
2003-94-9	宰	面对琳琅满目的价格波动性很大的商品，文化素质及法律意识不高的广大农民消费者“吃不准”，怕挨高价宰	47:48
2003-71-9	宰	对汽车美容服务企业而言，宰生客肯定是目光短浅的行为，只有把心思放在如何创立品牌、创造特色、提高服务水平上，才能开拓更大的市场，才能从这座“金矿”中挖到更多黄金	12:13
1983-73-9	宰	“可是……”米尔古丽撒娇地嗔着脸：“都怪您，您放走了解放军，叫我白白地宰了小黑羊	35:36
1993-97-9	宰	在个人承包的船上挨“宰”，到国营的汽车上还要挨“宰”	10:11
1995-88-39	急	”我一听急了，冲爸爸嚷起来：“忙忙忙，就你最忙，我和妈妈来北京一年多了，你从没带我出去玩过，就连学校里组织的旅游也是我跟妈妈去，我的同学每个星期都跟他们的爸爸去玩，就你……”我越说越委屈，眼泪刷刷地流了下来，爸爸看我伤心的样子，心软了，无可奈何地说：“好吧，就玩一天吧	4:5
1990-94-39	急	更有那“夜宿漳河畔，星月朦胧间”和“戎马十万急，洪峰如高墙”的镜头不时淡出淡入，全都是你豪歌壮志的年华	22:23
1961-10-39	急	侵略古巴失败后华盛顿急商对策	10:11
1982-57-39	急	他急得差点跳起来，埋怨老伴说：“你呀，这样的事也不同我商量一声	1:2
1994-53-39	急	此情此景，驻地的且坎边防连官兵看在眼里，急在心头	20:21
2003-52-39	急	中队驻地附近几个村子的群众生活比较贫困，官兵们看在眼里，急在心里	28:29
1991-64-39	急	农垦企业面临销售渠道不畅的困难，商业公司就急生产所急，千方百计疏通产品渠道	21:22
1970-36-39	急	蚌埠皮革厂的堆煤场上，煤矸石越堆越多，锅炉班班长桑胜德看在眼里，急在心里	32:33
1974-6-39	急	他表面上说什么“不患无位，患所以立”（不怕没有官做，就怕不懂得“礼”，不能自立于世）（《论语·里仁》），又说是什么“君子忧道不忧贫”（《论语·卫灵公》），装得十分清高；实际上三个月没有官做，便急得不得了，发牢骚说：“我又不是葫芦，怎么能挂起来光图好看而不能吃的呢	96:97
1989-93-39	急	厂长们在这个魔圈里，急不得，恼不得，只能绞尽脑汁寻对策：	10:11
1972-11-39	急	为了支持地方工业发展生产，厦门市商业部门想工厂所想，急工厂所急，千方百计地帮助工厂解决困难	26:27
1967-42-39	急	备耕任务很急，必须争分夺秒地去干	5:6
1965-31-39	急	二百多个来自全国各地的妇产科工作者根据党中央、毛主席对卫生工作的指示精神，在会上着重讨论了妇产科工作必须面向农村，做好农村妇产科常见病和急重病的预防治疗工作，加强农村妇幼保健工作等问题，并且交流了妇产科方面的学术经验	68:69
1982-85-39	急	商店领导有计划地组织各柜组售货员到渔港送货，通过走访、观察，了解渔民在海上紧张作业，有时要和风浪搏斗，久而久之，就形成性子急、嗓门高的特点	61:62
1959-25-39	急	逼得高二锁急了，提出大家都来当队长，有事情共同商量	5:6
2002-77-39	急	在农村“三个代表”学习教育活动中，宜宾城区供电局急农民所急，把这13个村定为农网改造的重点地区，第一期工程投资450万元，解决了3000多农户的用电问题	24:25
1970-32-39	急	施焕臣急得吃不下饭，睡不好觉	3:4
1957-9-39	急	不论山再高，水再急，只要向他说明要去的方向，他总是打先锋，巧妙地找出通过的路径	8:9
1990-76-39	急	想群众所想，急群众所急，扎扎实实为群众办实事，把党的温暖送到群众心上，正是为了让群众从切身利益的小事中领悟某些大道理，增进对集体、对社会主义的亲近感，从而在生产和工作中迸发出积极性、创造性	6:7
1958-20-39	急	”这时候五号镐的第二排车还没装完，电机车还没出掌子，电车司机急的直跺脚说：“贾师傅（五号镐贾连富开镐）咱们落后了，……	30:31
1981-74-39	急	周惠说，“左”的思想由来已久，冰冻三尺，非一日之寒，因而清理“左”的思想也必须付出时间，急了不行	44:45
1964-17-39	急	送了针，小方又跑步急行，第二天早八点赶回驻训地；可关于针的事，他并没对别人讲，因为他觉得是应该的	9:10
1998-84-39	急	急着剪开，捏出几粒，小心放入口里：咸	0:1
1962-16-39	急	全县绝大部分水田虽然已经实现了机电灌溉，但有一些地区的内涝问题，在短时期内还不能根除，部分丘陵和低洼地区的生产队，仍可能受旱涝等自然灾害的影响而减产；全县还有20％左右的困难队，增产潜力虽大，但在人力、物力、财力等方面的困难较多，急需要加强领导，重点扶持；不少生产队今年的粮食是增产了，但生产资金普遍不足，有待于今年冬季开展副业生产来解决	115:116
1996-72-39	急	急人民所急，帮人民所需	0:1
1964-34-39	急	”他考虑队里钱不能随便开支，再急也不成	15:16
1994-73-39	急	措施允许大，也允许小；进度允许急，也允许缓；途径允许直线，也允许迂回，不搞“一刀切”	15:16
1957-47-39	急	如在去年上半年组织生产的单一化，忽视了副业生产，曾在一个时期内影响了合作社的收入；在农业技术改革和农业的基本建设上，要求稍高和急了一些，使少数合作社遭受一些损失	63:64
1957-5-39	急	一路上风大雨急，没走上几段路便滑倒了，陈局长顾不了这些，仍旧一股劲地赶到目的地，检查灾情，慰问群众，并和乡干部一起，发动群众生产自救，群众的情绪随着高涨起来了	6:7
1970-46-39	急	过去，我和广大工人群众一起造走资派的反，劳动在一起，战斗在一起，能想群众之所想，急群众之所急	40:41
2002-50-39	急	郊区各级组织想农户之所想，急农户之所急，他们从转变职能入手，积极做好农业生产资料供应、技术服务和信息服务，加强产品的产前、产中、产后指导，牢牢把握住鲜活农产品生产、流通、销售的主动权，积极拓宽市场营销渠道，突出抓好规模生产效益，逐步扩大了郊区农副产品在银川市场的占有份额，并向周边地区辐射	13:14
1958-26-39	急	许多工厂以己之“缓”，济人之“急”	15:16
2001-61-39	急	要使广大人民群众切实体验到“三个代表”给他们带来的物质文明和精神文明的根本利益，各级党组织和党员领导干部，必须树立“机关围着基层转，基层围着群众转，全党围着中心转”的意识，切实转变工作作风，想群众之所想，急群众之所急，把实现和维护最广大人民的根本利益作为一切工作的出发点和归宿，以我们为群众办实事谋利益的实际行动取信于人民	102:103
1972-39-39	急	乐山县农机修造厂的工人急贫下中农所急，决心制造栽秧机，帮助生产队解决这个矛盾	11:12
1987-75-39	急	她接了票，忽然笑了，笑得很自然，也不想急着走	19:20
1974-12-39	急	有天晚上，风雨交加，江水猛涨，浪大流急，一只木船断缆飘走	18:19
2000-89-39	急	我急中生智，向监考老师举手告发，老师佯装没看见，那位女士可着了急，朝我挤眉弄眼，做手势让我别声张，并主动把卷子推到我面前让我抄	1:2
1980-62-39	急	谢清岱毫不畏惧，机敏地闪过一边，歹徒扑个空，他急转身将歹徒的刀柄攥住，夺下尖刀，犯罪分子乖乖就擒	23:24
1999-81-39	急	海关急人之所急的工作作风给杨先生留下了深刻的印象	2:3
1956-40-39	急	宋朝大观茶论也说：“茶工作于惊蛰，尤以得天时为急”	23:24
2000-93-0	憋	有五六个女子同时围住了我，有拉手的，有抱腰的，一个大胖女子无处可抓，猛伸手薅住了我的衣领，憋得我差点儿喘不过气来	45:46
1962-45-0	憋	我为了寻找一个恰当的群众语言，常常憋了一两点钟、一天半天	17:18
1979-60-0	憋	脸憋得通红，汗直往下流，这时他就拄着镢头柄，大口大口地“斗气”	1:2
1995-89-0	憋	近３年来，患者喘、憋逐渐加重，至术前在休息的状态下也感到呼吸困难，完全丧失了劳动力	9:10
2002-92-0	憋	患者症状：6岁的宝宝只要一躺下来就鼾声不断，并出现憋气，有时每隔几分钟就出现一次憋气情况，一夜总要憋醒五六次	25:26
1999-91-0	憋	看你都急成这样，我真想把这秘密再憋一会儿	16:17
1996-68-0	憋	”莱芜要振兴，群众要致富，这渴望憋成了一股劲，并成为最强大的思想动员	16:17
1994-84-0	憋	“真是男女有别，我都又憋了一夜了	11:12
1990-50-0	憋	反正我是住不惯楼，鸽子笼似的，憋得慌	15:16
1977-11-0	憋	”这个剧院的文艺工作者为此憋了一肚子气	13:14
1961-6-0	憋	溪水流到一个约莫五十平方米宽的地方，水面平静，上面凝结了一层深赤色的薄衣，从那里升起了硫磺矿冒出的臭气，憋得人呼吸困难	52:53
1970-41-0	憋	包庄、林庄两大队的贫下中农吃尽了苦头，受尽了盘剥，憋了满肚子闷气，迫切要求培养自己的庄户兽医	25:26
1982-94-0	憋	但在大多数情况下，地下的高压热水找不到出路，只好憋在地下水库内	24:25
1960-39-0	憋	当时，我们和另外三个突击队、组比武，上阵后大家劲头都很足，全都憋着劲儿提前完成任务	31:32
1999-71-0	憋	广州松日本轮回到贵阳主场，迎战在上轮比赛中最后一分钟被青岛海牛逼平而痛失胜局的北京国安，这场比赛双方都希望能获胜，一吐憋在胸中的“恶气”	59:60
1990-78-0	憋	成品油开始出现“憋罐”，铅、铝、生铁等产品也有积压	8:9
1966-38-0	憋	……”小海紧锁着两道浓眉回答，额头上憋出了一颗颗豆大的汗珠	18:19
1957-24-0	憋	加上地富分子配合城市右派分子的进攻，很多农村干部憋了一肚子气	24:25
1964-26-0	憋	为了叫牲口吃草吃得匀，能消化，不憋食，她整晚守在槽旁，一把把给牲口添草	16:17
1981-58-0	憋	社员们憋了一股气，合伙跑到他家里去“请愿”说：“大呼隆再搞下去，我们可要不干啦	3:4
1977-40-0	憋	”接着，就把憋在肚子里的话说了出来	6:7
1991-59-0	憋	同时，他们眼看到一大批外国室内剧在屏幕上出尽了风头，心里憋了一口气：“为什么我们不能有自己的室内剧	28:29
1975-16-0	憋	这时，井口的天然气压力急剧上升，随时有把井口憋破的危险	22:23
1970-8-0	憋	这件事，使农具厂的工人憋了一股劲，说：“到人家锅里盛饭，吃不香；靠别人扶着走路，不得劲	11:12
1997-90-0	憋	左心衰的“喘”常在睡眠中突然憋醒后发生，平卧位时“喘”明显加剧，端坐位时“喘”减轻；而支气管哮喘的加重或缓解与体位的关系不明显	14:15
1978-48-0	憋	君不见：那阴暗的角落里，磷火般的昏黄灯下，正在采排一幕篡党夺权、称帝登基的丑剧……啊，我的心呀怒火憋压，简直要腾空而起，我的心呀火燎刀搅，简直要窒息呼吸	49:50
1980-62-0	憋	一个半小时的路程，走了3小时零7分，乘客们个个憋了一肚子气	23:24
1997-99-0	憋	我们深信，中国的高科技产业只有在开放的环境中，立足于创新，勇于拼搏，发展壮大成能组织大战役的集团军，主力军，敢于战斗，形成你身上有我、我身上有你那种犬牙交错的局面，使恶人想憋也憋不住，想关也关不死，就像下围棋一样，这局棋就活了	86:87
1969-13-0	憋	在他们看来，群众“东一嘴，西一嘴”，说不出什么“道道”来，拿不出主意来，不如他们的办法“鲜”，因此，他们就关起门来憋主意，其实他们在小屋子里憋出来的那一套，在实践中往往是行不通的	57:58
1977-23-0	憋	“四害”横行期间，好人受气，坏人神气，广大工人“捏着鼻子干活”，憋了一肚子气	32:33
1999-64-0	憋	我们把苏联停止向中国提供核援助的1959年6月，定为中国第一颗原子弹的代号‘596’，广大科技人员都憋了一股劲，就是死，也要把‘596’搞出来	50:51
1982-96-0	憋	在旧社会吃尽了苦的退休工人们感到很气愤，但又讲不出很多道理，心里憋得慌	32:33
1972-5-0	憋	息，心都气炸了，大家实在憋	12:13
1958-42-0	憋	“我们混身憋的难受，你当组长的看不见吗	5:6
1962-17-0	憋	猴子既然多半年没来洗象池，当然唤也无益；大家不过是憋得发慌，疏散疏散心中的闷气罢了	25:26
1990-55-0	憋	他心里有一个使他憋得受不了的数据：在中国大街上毫无顾忌地奔驰的汽车，进口货占了很大的比例，其中仅日本国的产品就占了４０％	8:9
1976-1-0	憋	小江听了这个消息，脸憋得红红的，好半天没吱声	10:11
1960-31-0	憋	我关起门在屋里想了三天也没憋出一句词来	13:14
1969-19-0	憋	铺轨一转弯，铺轨机上的柴油发电机喷出的浓烟全憋在洞子里	22:23
2002-79-0	憋	到茅坪镇工作后，刘建国“憋”了一口气，主动请缨包扶偏远、难缠的枣树村	12:13
1957-6-36	拐	她一面用牛骨拐打着麻线，一面说着故事	6:7
1961-14-36	拐	我侧耳细听，岸上的警察尚未出来，船头这时又拐了方向，趁船尾触岸的机会，我一手抓住栏杆，猛一纵身，跳下船拔腿就走了	21:22
1980-97-36	拐	蜿蜒起伏、莽莽苍苍的奥雷斯山区，道路弯曲狭窄，不知翻过了多少峻岭，拐了多少道急弯，才进入了著名的阿里斯县境	33:34
1987-53-36	拐	老人们有的拄拐，有的互相搀扶着，围在战士们身边，一会给这个擦汗，一会给那个端茶	6:7
2001-75-36	拐	由于王是司法机关的在职干警，社会舆论对二审结果也是议论纷纷，认为司法机关胳膊肘往里拐，有意庇护自己人	41:42
1997-99-36	拐	再是三游洞前的那溪，站在洞前的石栏边，目光就忽地深下去了，深下去的地方便流着那条溪，水青黄，慢慢地并不奔流，初看以为江，其实江还在前边，拐了弯才是，这里是溪	68:69
2003-72-36	拐	内蒙古托克托黄河头道拐断流危局化解	10:11
1992-55-36	拐	开展“三项康复”以来，小翟连续接受了三次手术，现在已经能拄拐行走	29:30
1982-62-36	拐	有一次，他做完手术刚出院，就拖着拐腿一步一挪地到厂上班了	16:17
1988-61-36	拐	为了治污，有时只能拐着弯弄钱	9:10
2001-57-36	拐	今年的春节晚会，我觉得最精彩的节目，当是小品《卖拐》	24:25
1956-43-36	拐	在东关，新建的小型火力发电厂供给全市的用电，在战争中保存下来的拐峁火柴厂仍在继续生产	31:32
1987-64-36	拐	但是，你绝对想象不到，影片《陆军见习官》（长春电影制片厂摄制，编剧王兴东、王浙滨，导演于彦夫、张圆）的故事竟这样展开：它不紧接着去写主人公们在战争中的经历、表现，却突然“拐”了一个弯，让镜头追随着他们的行踪，去揭示出发前三天假日里他们的种种复杂心态	85:86
1990-91-36	拐	与６１年前相比，黄河并没有变，依然静静地流，依旧在这里拐弯儿，由向东转身向南，直泻龙门；可黄河边的土默川却变样了，也拐了一个大大的弯儿	27:28
2000-79-36	拐	警方还调动大量警力，深入广东潮阳、普宁、南海、揭阳、佛山等地顺藤摸瓜，克服被当地群众围攻等困难，解救出40多名被拐儿童	56:57
1960-8-36	拐	这天，程静清船队的队员们立志要追上王彬成船队，他们计算了王彬成船队提前开航一天半的里程后，一致决定：当晚赶到鹰嘴岩，第二天跨过三倒拐，第三天坚决追上	65:66
1987-96-36	拐	四川代表杨汝岱：实行党政分开，有同志担心这样做会削弱党的领导，思想不大想得通，从一元化领导到党政分开，这个弯是拐得相当大的，我们每个同志都有个认识和实践的过程	55:56
1956-33-36	拐	从此对他老婆恼恨在心，他老婆几次向他讲道理，他胡子一噘说：“胳膊肘往外拐，你呀，哼	35:36
1966-27-36	拐	锻工们很支持他们，给他们打了个新鞋拐	17:18
1994-63-36	拐	当时，左腿骨折尚未痊愈的李进，毅然拄着拐来到水源地，同广大干部职工并肩战斗在抗洪一线	19:20
1989-70-36	拐	让向左的左拐，向右的右转，走快的慢点，掉队的跟上	5:6
1978-42-36	拐	记者欧庆林报道：今年，黑龙江省委从国家拨给黑龙江省修建职工住宅的投资中，拿出五百五十万元给哈尔滨市，用来改造“三十六棚”和“十八拐”这两个“棚户区”，为居住最困难的居民兴建新住宅	64:65
1962-23-36	拐	栽成的秧，株对株，行衬行，既不扯拐，也不溜弯，就跟一线弹的一样	16:17
1956-45-36	拐	难道他们不明白每辆汽车每次都要多拐一段路是一种浪费吗	16:17
1971-22-36	拐	要想不翻山，就得拐大弯	8:9
1974-34-36	拐	有一天，卖蚬子的又来了，撵他，他不肯走，又拐到另一个胡同里去卖	21:22
1966-4-36	拐	”干部则是“主席语录随身带，喇叭筒子手上拐，见缝插针说一段，好人好事讲起来	20:21
1959-41-36	拐	到8月11日，两个人的小红箭头在“献礼竞赛台”上顶了天又拐了弯	28:29
1961-44-36	拐	为解决市民在日常生活上的临时需要，他们还增添了鞋拐、鎯头、斧头、手锯、木刨等十多种工具出租	24:25
2003-54-36	拐	午餐，场面很大很热烈，铺着桌布的长条桌拐了一个弯	19:20
1958-18-36	拐	不过有点迂迴曲折，明明要朝东，先得向南拐，只有循着群众走出来的路走，才是正路，也抄近	19:20
1969-10-36	拐	在西北口掘进的时候，坑道拐了几个弯，通风不好，没有鼓风设备	12:13
1968-2-36	拐	向左拐来不及了，向右拐，是一条深沟	2:3
1986-66-36	拐	出差到豫东，我拐了个弯儿，想再看看生我养我的那座小村庄，看看我亲手栽的那几棵泡桐树	7:8
2002-90-36	拐	李光泽却不干了，原因是从腾冲到昆明来回一趟差不多需要一个月的时间，走在茶马古道的高黎贡山老路上，九弯十八拐，连生命都很难保障	52:53
1957-32-36	拐	接着，有些正直的富裕中农纠正了这种说法，他们说：“统购统销也不是对上中农不好，咱们过去担粮进城，粮贩子‘三拐’（拐两、拐合、拐零钱）‘一熬’（大秤），既误工又吃亏，现在把粮一次卖给国家，分毫不吃亏	53:54
1978-24-36	拐	”许多居民告诉记者，“三十六棚”和“十八拐”的两栋楼盖得这样快，是过去少有的	20:21
1959-46-36	拐	拐了一道弯儿，两人并排坐下	0:1
1991-60-36	拐	其间，有研究室，也有研究人员的宿舍；顺流往一条山沟里拐去，是一座高高的核反应堆	26:27
2001-95-36	拐	我第一次考试时，出停车场遇路口先向左边观望，见路面空空，200米开外仅有一辆小车驶来，城里时速限制50公里，我想上路完全不会有问题，正欲右拐，考官突然将脚刹踩下，考试就此作罢	69:70
1998-91-24	推出	这一年，我们推出了一系列改革措施，并且取得初步成效；我们在亚洲乃至在全球经济动荡中，站住了脚根，取得了发展，受到全世界关注；我们战胜了史所罕见的特大洪水，保卫了改革开放成果和千百万人民群众的生命财产安全，形成了“万众一心、众志成城，不怕困难、顽强拼搏，坚韧不拔、敢于胜利”的伟大抗洪精神，为全面推进改革开放和社会主义现代化建设注入了巨大的精神动力，展示了中国人民不可战胜的凝聚力量	6:8
2000-54-24	推出	后来，其他所有党派几乎以争夺选民为目的推出类似的竞选纲领和口号	19:21
1959-33-24	推出	一架立式翻钢机把它们一一送进加热炉，由拨钢机翻拨加热到一千多度，推出炉外，火龙般直奔穿孔机	32:34
1993-93-24	推出	一些出版物（书刊、报纸、音像制品），推出以淫秽为内容的作品	18:20
1971-19-24	推出	就在这危险的时刻，牛体君牢记毛主席关于“关心他人比关心自己为重”的教导，架住那个同志，使尽全身力气把他推出洞口	51:53
1967-0-24	推出	”各个车厢还推出了旅客代表，和列车员一起宣传毛泽东思想	6:8
1977-10-24	推出	他忍着手指的疼痛，推出自行车上路了，终于按时赶到了矿山，没有迟到一分钟	9:11
2003-81-24	推出	目前，98％以上的“民告官”案件都有被告本机关人员参加法庭审理；而在湖北保康县，则推出了行政诉讼中行政机关“一把手”应诉制，要求“一把手”出庭应诉率要达到60％……	41:43
1990-63-24	推出	上海京剧院推出的另一出新戏《曹操与杨修》，在国内外演出，都受到热烈欢迎和极高的评价	5:7
1976-36-24	推出	一小撮新老资产阶级分子，舞文弄墨的反动文人，行凶作恶的亡命之徒，出于他们反动阶级的本性，公开跳出来，明目张胆地为邓小平歌功颂德，鸣冤叫屈，妄图推出邓小平当中国的纳吉，丧心病狂地把矛头指向伟大领袖毛主席，分裂以毛主席为首的党中央，妄图颠覆无产阶级专政，复辟资本主义	71:73
1959-24-24	推出	表达必然现象的数学工具一般是方程式，它可以从已知数据推出未知数据来，从已知现象的性质推出未知现象的性质来	26:28
1996-99-24	推出	专家认为，平安保险公司日前推出的“客户服务月”活动，可以说是这样一种服务的开始	13:15
1962-44-24	推出	舵断了，小船被风浪吹打得像一头脱缰的野马，到处乱窜，顷刻间向外海推出好几浬……	32:34
2000-96-24	推出	中科院于1994年推出“百人计划”，即从海内外招聘100个左右重点学科的100名学科带头人	9:11
1976-17-24	推出	为什么有的人还是利润挂帅，把一些产值低的产品推出门去呢	22:24
1996-77-24	推出	交易会上，音像出版单位联手推出了内容健康、积极向上的正版音像制品2．3万多种，其中包括经有关部门批准引进的、版权合法的国外和港、澳、台地区的音像制品	13:15
1970-39-24	推出	“老爷医院”看到他连路都不能走了，就赶忙把他推出医院大门	22:24
1975-21-24	推出	社论说，“苏联在欧洲一方面推出缓和的手段，另一方面，把其政治与军事势力伸入地中海，包括葡萄牙、土耳其、希腊乃至塞浦路斯，以挫折北约军力和达到瓦解北约的目的	13:15
1997-73-24	推出	东方歌舞团以即将登台的文艺晚会“多彩的世界”迎来了新的一年，这台晚会是东方歌舞团在中直院团体制改革后推出的第一台晚会，风格从东方歌舞团以往的亚非拉特色扩展到了全世界，从内容来看，主要是面对国内观众的	50:52
1970-47-24	推出	天津市第一结核病防治院针对外科把贫农女儿赵小芹推出医院又接回医院的一场激烈斗争，发动群众对这件事展开分析，使全院医务人员受到了一次深刻的两条路线斗争教育	23:25
2003-59-24	推出	我们工程的优秀传统美德教育实验研究课题，已被列为国家“十五”规划的教育部重点课题，明年起我们将以“让美和高尚在心灵中统一”为主题词，重点推出这一课题和面向农村的公益推广	68:70
1998-89-24	推出	本报网络版今日推出《少奇百年》专题	7:9
1987-74-24	推出	继去年研制的四通MS—2400中英文打字机畅销国内市场并出口新加坡等国后，四通公司最近又推出四通MS—2401中外文打字机，其性能较前有了很大提高	44:46
1976-41-24	推出	他是戴着资产阶级的木头眼镜看世界，明明是一片光明，硬说成是一团漆黑，他的目的是要复辟资本主义，恢复资产阶级对学校的统治，把我们贫下中农子女重新推出学校大门	71:73
1988-72-24	推出	如今，这个学院运用专业技术的优势，设立了10个科技开发机构，与全国10多个工厂建立了科研生产联合体，推出20多项技术项目，初步形成了以学院为轴心的科技开发产业	50:52
1983-53-24	推出	张洪文推出自行车，孩子的母亲搂紧昏睡的晓伟坐在自行车后座上，向离村六里地的冯家口车站赶去	3:5
1968-30-24	推出	一位老贫农说：“我有两个孩子，大的人家说‘笨’，被学校推出来了；二的没想到越念书越不成器，到家锹镐不动，这叫啥学校	27:29
1969-38-24	推出	“从今后跟着救星共产党，管叫山河换新装”，“救星”二字听起来更为突出，“党”字落在高音上，自然地推出“山河”的升高的旋律，显得非常明朗	48:50
1995-95-24	推出	它犹如架设在音乐创作者和使用、传播者之间的一座桥梁，使创作者能够集中精力从事创作，不断推出新的作品，另一方面使作品的使用、传播者可以简捷而经济地使用和传播作品，形成创作与传播的良性循环，从而推动音乐文化的不断发展与创新	43:45
1996-84-24	推出	中国足协推出的强制性措施——体能测试，已经实行了三年	4:6
1995-55-24	推出	最近在营销方面又推出新动作：在公司内部建立工贸关系，组建销售公司和各地子公司，将办事处代销制改为经销商买断制	8:10
1956-7-24	推出	有三个女工被推出马路，有些被脱去衣服，肆加侮辱	6:8
1997-70-24	推出	“百城万店无假货”活动推出新举措	11:13
1977-9-24	推出	吴永富就势一闪，反手一拳，那家伙被推出三步远	17:19
2000-90-24	推出	2月17日起，二本“夜审”正式推出，并与一本“初试”交替上演	15:17
1969-16-24	推出	”他一个箭步冲上前去，使尽全身力气，把斗车和站在斗车上的一个同志猛推出一丈多远	33:35
1964-25-24	推出	被捕中国人员家属推出三名代表要求去巴西探望亲人	8:10
1971-35-24	推出	有许多截瘫病人被推出医院的大门，有的在床上躺了几年、十几年	8:10
2003-69-24	推出	烤鸡之争引爆了广州零售市场上的超低价大战，广州各大超市纷纷卷入“战局”：普尔斯马特推出“1角钱”促销计划，新一佳采取“5分钱500克青菜”行动	41:43
1972-29-24	推出	当他距离蒋德长只有两米远的时候，一个大浪打来，把他推出几米远	25:27
1990-96-32	浓	哦，这绿色的层次是如此丰富，因树种而不同，因树龄而相异，又因其所在的海拔高度不等而有所区别；阳光透射的明暗度强弱，又像魔术师那样，变幻着或浓或淡的赤、黄、褐、橙、青、蓝、紫等各种各样的绿，它们恰似显示了这绿色交响乐的音域和色泽	69:70
1995-61-32	浓	由于党中央和各级党委的重视，这几年全党特别是干部的理论学习的空气比过去浓了，取得了可喜的成绩	35:36
1963-23-32	浓	农民群众多采用肉眼识别土色的方法来判断土壤的肥瘠，因为一般腐植质多的土色较浓，腐植质少的土色较淡	37:38
1988-88-32	浓	因为我是一个老代表，所以，我感到这一次会议的民主气氛比过去任何一次会议都要浓，都要好，开得很生动	37:38
1999-69-32	浓	随着时光的流逝，吴登云的思乡之情也越来越浓	20:21
1997-58-32	浓	该厂所运用的无氧灌装、二次抽真空、高浓稀释、添加澄清剂、充填二氧化碳等高新技术，在国内啤酒行业是少见的	18:19
1963-42-32	浓	胞核着色浓，核仁刚能看到	4:5
1976-39-32	浓	这种联系实际学理论，使干部看书学习的空气越来越浓	23:24
1963-27-32	浓	这边又是一队队的各族少年们，他们的衣着是各色各样的，却都戴着红领巾；那边又是乘着马驴来赶“巴扎”（市集）的公社男女社员，他们的服饰与城里人并不两样，只有脸上染着更浓的太阳色	81:82
1963-0-32	浓	”因为课本上说的全是陈兴武最熟悉的事，接受得快，越学兴趣越浓	29:30
1988-89-32	浓	近日来，智利国内选举气氛越来越浓	15:16
1995-54-32	浓	但由于民族村使一些民族文化因子脱离了它适宜生存的原有社会环境和文化氛围，商业味过浓，旅游者难于从中体味到民族文化的自然、古朴和纯真，加之民族成分多、集中人力多，因此投资加大，成本提高，增大了经营难度	40:41
1966-48-32	浓	为了进一步搞好科学实验运动，争取第三个五年计划的第一年，在农业生产上有一个全面的好收成，首先要突出政治，把毛主席的书作为我们一切工作的最高指示，把毛主席著作学得更好，把政治空气搞得更浓，并认真地向兄弟单位学习，把我们的科学实验搞得更好	91:92
1977-30-32	浓	回想陈毅同志横戈跃马、奋斗不息的一生，这位久经考验的无产阶级革命家，不就象那霜重色愈浓、历久而弥真的红叶么	42:43
1970-11-32	浓	它们说，尼克松活“象一个啦啦队长”，力图用“乐观的图景”，给“情绪太低沉”、“失败主义色彩太浓”的美帝国主义打气	46:47
1994-53-32	浓	气体扩散法是把天然矿石中炼出铀２３５浓缩成高浓铀，为核武器提供燃料	18:19
1972-18-32	浓	于是，她一把掏出衣兜里的钱，塞在张沛浓的手里：“带上用	18:19
1991-95-32	浓	森林又长又陡又浓又密，不会制造污染	7:8
1964-47-32	浓	暮霭中，阵地绿得更深、更浓了……	12:13
1982-83-32	浓	”他们你一言，我一语，谈兴越来越浓	16:17
1980-70-32	浓	我仿佛回到了青年时代，对世界语的兴趣又浓了	19:20
1996-80-32	浓	村里文化气氛浓了，读书看报的多了，打架斗殴、偷盗、赌博的就相对少了，十多年来没发生一起刑事案件，连续五年被评为“文明村”	6:7
1989-92-32	浓	丁孝浓在此间召开的全国机电设备进口审查管理工作会议上强调，各进口审查机构要坚决执行统一的政令	2:3
1978-22-32	浓	珠缨花鬘友情浓——缅甸文化舞蹈音乐团访华演出观后	6:7
1986-81-32	浓	由于人们对鸟类的兴趣日浓，《赏鸟者文摘》、《美国鸟类》主要鸟禽杂志，十年来销路已增加两倍多	11:12
1966-10-32	浓	毛泽东思想正在改变着人们的精神面貌，广大农村政治空气越来越浓，好人好事不断涌现	29:30
1966-31-32	浓	越学，尝到的甜头越多；越学，学的兴致越浓	19:20
1990-66-32	浓	全省各市认真开展职业道德和社会公德教育，开展“满意在南昌”、“温暖在宜春”、“春意吉安浓”等系列活动，仅鹰潭、丰城等８个城市就有“学雷锋”、为民服务小组４０００多个，帮教小组７６００多个，南昌、丰城、吉安等市还建立了见义勇为奖励基金会，景德镇市连续１０年组织群众开展歌咏比赛月活动，萍乡市近几年坚持每季度开展一次评选最佳新人新事活动	43:44
1996-86-32	浓	最近，美国同墨西哥的贸易战一波未平一波又起，火药味也越来越浓	29:30
1993-76-32	浓	遵纪守法的风气越来越浓，不少地方成立了红白理事会和为民便民义务服务小组，喜事新办，丧事简办，旧风俗得到了改变	10:11
1977-25-32	浓	又黑又浓的眉毛慈祥的眼，你鼓舞我们自力更生把苏修甩在老后边	3:4
1983-75-32	浓	景颇族人民在节日里对射箭的兴致更浓	16:17
1961-3-32	浓	当我们看着窗外春色渐浓，听着祝福的爆竹连响，打开今天的报纸，在这一版上，也尽是春天的消息	10:11
1976-6-32	浓	过去，我们党支部学习革命理论的空气不浓	18:19
1988-56-32	浓	自从美国总统里根8月23日签署了综合贸易法案后，欧共体一直愤愤然，埋怨该法的保护主义色彩太浓，几度声称如自身权益因此受损，将“以牙还牙”地进行报复	45:46
2000-67-32	浓	“石家庄的城市味足了，文明气息浓了	15:16
1978-5-32	浓	是去年的春色又加浓了几层色采	8:9
1960-9-32	浓	遍地的青草，里头夹着黄连、原朴、川芎等名贵的中药材；还有一种茶叶，名叫“狗古脑”，清香扑鼻，泡到六七次，味道仍浓	55:56
1959-20-32	浓	杂文，大概一般是指那些有所感触、抒发情怀、不拘形式、信手拈来的短文章，报上发的不少，但有的知识分子味道太浓，有的与长篇理论文章无甚区别，有的又过于杂了，气魄不大，读后不能给人以强烈的感染	52:53
1957-45-32	浓	另据这个区国庆路一百十七弄居民委员会一个给水站的实验，那里一天淘米七百五十斤，积有沉淀的浓米浆五十七斤，平均每一百斤米损失米浆7.6斤	44:45
1978-1-8	消化	对这些引进的先进技术，我们不仅要组织人力吃透领会，做好消化工作，而且要深入学习研究，知其然，还力求知其所以然	27:29
1960-18-8	消化	因为教学内容和教学方法的改革，基本上做到当堂消化，孩子们的课外作业是不多的	22:24
2002-81-8	消化	在加强司法机关介入证券市场法治化管理的同时，还应该积极探索建立证券市场低成本、高效率解决纠纷的机制，在证券业中建立仲裁或调解机构，使大量的证券民事纠纷在诉讼前得以消化，及时有效地保护广大投资者的合法权益	81:83
1955-14-8	消化	“调查”和“研究”必须密切结合起来进行，一方面搜集材料，一方面消化材料，如果只顾搜集材料，而忽视运用已取得材料来研究解决问题，将会成为材料的奴隶或埋葬在材料的大海里	31:33
1996-56-8	消化	在饲料工业中，利用饲料添加剂，改进动物对饲料的消化能力	23:25
1994-67-8	消化	闲置而未能消化运用的超额准备过多，迫使银行利率在１９８５年１１月降至历史最低水平，而且部分银行竟然以议价或拒收方式来对付大额存款	5:7
1957-28-8	消化	但是单宁在肠道中仍然可以释放出来，对肠壁有收敛作用，使消化能力减低，大便干燥	27:29
1997-61-8	消化	脱离市场需要，不算效益帐，盲目追求“大”，甚至用行政手段强行“拉郎配”，往往会造成只见摊子扩大，不见效益提高，不要说消化承担的债务，就连自身也难保	58:60
1998-55-8	消化	记者：目前粮食财务挂账数额巨大，消化挂账任务艰巨，能否如期完成	16:18
1973-13-8	消化	每到冬天，他就烧热水，不让牛饮冷水；还给牛喂适当的食盐，以增强食欲，帮助消化	36:38
2002-92-8	消化	由于IT生产过剩的消化还需一年，因此，年内企业难以形成新的设备投资高潮，但从中长期看，经过调整，新经济仍将继续发展，各种IT的创新，产品的更新换代，IT服务业的发展，无论在美国还是其它国家，前景都十分广阔	9:11
1964-6-8	消化	譬如，人吃东西，只要是有营养的，什么都可以吃，吃了以后，经过消化，变成自己的血液骨肉等	30:32
1956-2-8	消化	伊凡·弗兰科在另一篇论文学的文章中又讲道：“每一个先进的作家，——无论他是斯拉夫人、德国人、法国人、还是斯堪的纳维亚人，——他本身应该象一株大树，他要把自己的根，尽可能更深地和更牢固地伸到自己亲切的民族的土壤里去，尽可能更多地吸取它的充满活力的乳汁，把它在自己的身上消化掉，而树干和树梢要沉浸在思想性，以及科学的、社会的、美学的和道德的意向的国际主义气氛当中	133:135
1954-0-8	消化	“分喂”就是把吃草慢的和吃草快的、口老和口小的马分开来喂，这样就避免了吃得快的牲口吃得多，吃得慢的牲口吃得少的毛病；“勤喂”就是根据牲口的劳累、饥渴程度，分别时间饮喂，这样可以喂的及时；“细喂”就是保证饲料清洁细致，使牲口爱吃和容易消化，不易得病	116:118
1957-27-8	消化	第三、萝卜中有一些酶可以帮助消化，并且其中含有产生辛辣味的芥子油，具有促进食欲的功效	14:16
1986-64-8	消化	其次，加强了国内外先进技术的引进、消化、吸收	17:19
2002-50-8	消化	为确保分流工作稳妥有序，福建省委、省政府要求各单位要采取单位内消化、行业内调剂、人才市场推荐就业、自主创业和自谋职业等多种方式，广泛开辟人员分流安置渠道	31:33
1964-35-8	消化	这些过程包括原子的振动，时针的移动，以及人们的脉搏、消化食物和思想活动等	26:28
1985-80-8	消化	第二，生产资料价格上涨而造成的成本增高部分基本上靠企业内部消化	29:31
1959-39-8	消化	课程的编排，每天除讲六节课以外，在课堂中进行两小时的复习，每周还有半天的复习时间，做到了及时消化，当堂巩固	46:48
1986-62-8	消化	今年主要是巩固、消化、补充已有的改革成果，兴利除弊，解决突出的问题，使改革发挥出更好的效益；同时要认真调查研究，进行探索试点，为明年的改革再迈出重要的一步作好准备	8:10
1987-96-8	消化	解决好这个问题，有助于真正实现“引进技术——消化创新——扩大出口——增加引进”这一良性循环	22:24
1988-89-8	消化	因而，当西红柿大获丰收，原料超过设备消化能力时，他们用对付“孙子”的办法对待农民，结果激化了与农民之间的矛盾	18:20
1993-58-8	消化	为使资源得到有效的利用，我们还大力开展横向经济联系，吸引全国各地茶商带茶带钱来横县加工花茶，就地转化茉莉花资源和消化剩余劳动力	56:58
1959-43-8	消化	辣味入口，唾液大增，使食糜润滑，易于下咽，固然有增进食欲之功，但如果过份的依赖了辣椒来佐餐，就将减少对于其他营养物的摄取；况且辣椒引起的过量唾液分泌，并不完全是消化所必需的现象，而主要是一种生理的保护性反射，因为分泌过量唾液，是为了稀释辣味和减轻对局部的刺激	80:82
1965-34-8	消化	最后是，碱化藁秆——?秸（或其他藁秆）的细胞壁中含有大量的粗纤维、木质素和硅酸，都是牲畜难以消化吸收的物质，当?秸经过碱化处理后，消化率可以大大提高，消化成分可增加百分之二十五，有机物含量可增加百分之八，同时含钙量增加，还可以补充饲料中矿物质的不足	46:48
1969-49-8	消化	”如果内容极少，过分简单或者只搞概念化，使学生无所消化或者无法消化，同样达不到提高教育质量的目的	25:27
1999-83-8	消化	在扩大出口的同时，要适当增加进口，增加对先进适用技术和关键设备的引进，增强消化创新能力，改善和提高我国装备工业水平，促进国内产业结构调整和升级	37:39
1962-48-8	消化	我们希望出现新的梅兰芳式的戏剧家，我们先要宝爱他所留下的这份遗产，加以整理消化，使它成为建设中国社会主义民族戏剧艺术的丰富母乳	37:39
1987-69-8	消化	新华社记者易凯林、黄家仿、王志印报道：中南五省区积极探索消化、吸收国外先进技术设备的新路子，加快国产化步伐，已取得令人欣喜的成效	28:30
1987-68-8	消化	企业要丢掉幻想，立足自己消化，在降低消耗、降低成本、提高质量上下功夫	12:14
1961-3-8	消化	物理教师张子锷对每一课留的作业题都做到精选，使学生减少作业时间，并达到巩固和“消化”讲课内容的目的	39:41
1962-12-8	消化	半生半熟的豆粉，由于加热时间太短，胰蛋白酶抑制素破坏不了，会妨碍蛋白质的消化	36:38
1995-82-8	消化	（三）要顺利地吸收和消化现存庞大的城镇富余劳动力，必须发展个体、私营经济、股份合作经济、社区和社团集体经济、混合经济、三资企业等多种所有制经济	10:12
1994-85-8	消化	但由于矿石中钛含量高，炼铁时容易产生像啤酒似的泡沫状炉渣，矿石投炉后不易被消化，无法正常出铁	37:39
1994-78-8	消化	一些潜在的矛盾也逐渐暴露出来，重复建设、资金和劳力投放不合理、原材料短缺、交通和能源紧张等问题当地都难以消化解决	52:54
1959-17-8	消化	过去，基础课与专业课，多科并进，互不联属，教公共基础课的教师，只管本门学科的理论体系，不懂或者是不管专业课的理论体系，从教者来说，他所传授的东西诚然是系统的、完整的，但从学者来说，因为头绪纷繁，各自成理，在接受和消化各种不同的系统理论上，就要花上双倍的气力	106:108
1987-57-8	消化	他对改造的各环节进行具体分析，看到把六组机架的改造“消化”到生产中去是主要矛盾	26:28
1958-10-8	消化	不过，常嚼槟榔却可以帮助消化，因为槟榔能增进唾液及其他消化液的分泌	12:14
1961-25-8	消化	如果只是用个别的事实材料，去适合从别人那里搬来的、没有经过自己消化的、或者自己凭空设想出来的观点和结论，那也同科学的研究毫不相干	31:33
1996-74-37	涨	海湾局势紧张石油价格又涨	11:12
1985-87-37	涨	除副食品因有计划地放开而涨价、饮食业的价格也涨了些外，一般日用工业品没有涨价	12:13
1961-47-37	涨	趁春江水涨加速流放木材	4:5
1975-10-37	涨	”洪水涨了二十多天，他们就这样战斗了二十多天	3:4
1954-40-37	涨	一位参加防汛斗争的建筑工人、两次荣获一等功的杨明聪说得好，他说：“水还没有淹来，党就提出了防汛压倒一切的号召；水还没有涨到，就修起了堤；水涨来了，堤早就修好修高了	59:60
1992-81-37	涨	生潮涨了，／生潮涨了，／死了的凤凰更生了	2:3
1960-19-37	涨	”书记指着王桂英的鼻子严肃而又亲切地说：“你呀，乌龟吃萤火虫，自己心里明白，上个月这几天你……”王桂英的脸一下子就涨得绯红	57:58
1989-82-37	涨	有一次，他应邀到北京的草园业余京剧队为群众演唱，“草园”的负责人认为，方先生的艺术高，应当由原订的一角钱的票价涨到二角，希求有所盈余，以答谢方先生	55:56
1970-5-37	涨	美国学费一涨再涨学生面临失学威胁	5:6
1995-69-37	涨	５月１７日，人民币汇价再创新高，１美元兑８．２７８２元人民币，又涨了１．７８％	32:33
1966-32-37	涨	今年的物价可能涨到十倍”	7:8
1987-91-37	涨	有“滞”无“涨”的西方经济	6:7
1969-12-37	涨	据最近在伦敦出版的《食品杂货商》杂志报道，自从一九六七年十一月英镑贬值以来，英国总共有七千九百八十五种商品涨了价	53:54
1989-99-37	涨	不知是因为家具热造成了胶合板的短缺，还是因为胶合板的短缺刺激了家具热，在短短10多天的时间内胶合板的价格便一涨再涨	54:55
1989-95-37	涨	这使得在需求下降的部门，产品价格却很难下降，它们往往只是以产量的减少去适应需求的减少；而在需求上升的部门，因资源流动的呆滞，也很难在一定时期内扩大产量以满足需求的增长，这就使得这些部门产品的价格一涨再涨	98:99
1977-18-37	涨	冰山消融春潮涨，东风送暖鲜花开	6:7
1962-16-37	涨	“头五个月商品销售价格比去年同期涨了24％”	16:17
1961-2-37	涨	九牧公社田多人少，全社七千多个劳动力，平均每人负担耕地七亩多，原先就已劳力不足，现在加上林地间种任务，劳力更加紧张，但在公社的领导下，依靠群众，采取下面两个办法，基本上解决了劳力不足的困难：第一，改变冬季休闲习惯，把春季大忙的一部分农活，提前到冬季做好，例如把70％稻田的翻土工作提前在冬季完成，剩下30％的稻田留在春季翻土；林地间种杂粮的劈草等工作，也在冬季先搞30％—50％；木材生产也赶在冬季突击伐木，到春季溪水涨了，再陆续放运	209:210
2003-84-37	涨	麦当劳价格涨了，你可以去别的餐馆，而天然气涨价了，你只能认了	5:6
1954-48-37	涨	如实行统购统销前，粮食奸商扰乱市场，小麦涨到一千七百元一斤，瓜干涨到九百五十元一斤；自实行统购统销后，粮价就迅速平稳了	20:21
1973-44-37	涨	迄今为止，莫斯科已经向伦敦和苏黎世市场出售了大约五百万盎司的黄金，其中多数是（黄金）价格涨到每盎司超过一百美元以后出售的	44:45
1956-33-37	涨	七月初，江水涨到二十五点九公尺，离危险水位只差一公寸	6:7
1988-63-37	涨	最近记者就物价问题进行了一次追踪采访，商店说是批发价涨了，批发部门说是出厂价涨了，工厂又说是原料涨了	26:27
1955-14-37	涨	有一次过河时，河水突然涨了，当地老百姓遇到这种情形，就只好折回去	11:12
1981-86-37	涨	按照调整的要求，首先要对那些利润过大的产品，适当调高税率；对那些税高利小，原材料又涨了价，按现行税率纳税有困难的产品，适当调低税率	41:42
1999-66-37	涨	（八）未建立或者未执行涨跌停板、持仓限额和大户持仓报告制度的；	11:12
1989-68-37	涨	“借个洋名涨”，这股歪风正在上海的繁华街市和偏僻地摊出现	5:6
1955-30-37	涨	农民们回忆小农经济的苦处，有“十忧”，即：忧吃、忧穿、忧用、忧肥料、忧请不到工、忧租米、忧避债、忧生病、忧死人、忧物价涨	59:60
1974-31-37	涨	在第三季度内物价上涨最高的是，土豆和洋葱涨了百分之十九点七，卫生保健费用涨了百分之十一点八，鞋类涨了百分之十一点七	9:10
1998-85-37	涨	水还在涨，雨还在下，洪峰还在涌来，长江防汛形势仍然十分严峻	3:4
1979-73-37	涨	赞成涨价的人说：水涨船高，涨一分钱是合理的	2:3
1970-4-37	涨	华盛顿消息：随着恶性的通货膨胀和物价急剧上涨，美国公私立大学的收费标准也一涨再涨，使得大批学生面临失学的威胁	21:22
1997-55-37	涨	同时要严格控制新增能力，防止一边压、一边涨	20:21
1980-60-37	涨	在一个城市里，羊毛拉绒围巾，原来每条零售价十元八角，后来编号变了，就提到十二元；有的洗发膏，原为玻璃瓶三百二十克装，每瓶零售价二元五角五分，后改装塑料瓶三百一十克装，量少了，价钱却涨到三元三角五分	90:91
1986-96-37	涨	七种工业消费品的市场价格总趋势是有涨、有降、有的未动	17:18
1981-88-37	涨	煤价涨了，原材料提价了，饭店的毛利率要不要随风涨	2:3
1962-22-37	涨	“墨水蓝的价格并没有涨，为什么成本增高了	10:11
1991-89-37	涨	煤油、汽油、柴油也涨了	9:10
1961-21-37	涨	煤海春潮涨不停；一片赤胆与忠心	4:5
1956-42-37	涨	香港方面影响所及，物价也有少许上涨，米价每担涨了五毛至八毛	16:17
1969-5-15	炒	过去价钱贵的菜，就炒得精美可口，价钱便宜的菜就大锅熬	9:10
1971-16-15	炒	现在，浙江生产的煤已广泛用于饮食服务行业，在工业上使用范围也不断扩大，许多地方已用本地煤作为制造水泥、造纸、炒茶、烘茧的燃料，有的单位还开始用本地煤进行发电、造化肥、炼冶金焦的试验，取得了一定成效	54:55
1958-1-15	炒	农村中常用硝盐、骨头、草木灰等来制成骨粉、骨水、硝冷子、硝卤水、碱冷子、碱卤水等，然后又把这些东西混合拌匀，或熬煮，或炒干，制出含有氮、磷、钾的肥料	59:60
1962-14-15	炒	今年“五一”节那天会餐，共烹［pēng］制了八种鲜美菜肴：清燉、红烧、鲜炒、干炸的野驴肉、野羊肉、野鸭肉和鲜鱼，别具一番风味	36:37
1995-77-15	炒	传统的炒茶在陈泰兴手中变成了“蒸茶”	3:4
1960-26-15	炒	食堂、饭店不仅出现了蒸煮消毒蒸气化、手工操作机械化、烹炒烧烤煤气化，甚至有的单位连炸油条、打烧饼也都机械化了	27:28
1957-11-15	炒	”过一阵，拿了几个馒头，端了一碟炒山药丝来	16:17
1988-64-15	炒	我记得很清楚，菜是两荤两素，其中一盘菜是炒苦瓜	20:21
1961-45-15	炒	小队里最好的炒手阿元叔和兰娣采炒的茶叶，不但是我们全队的红旗，全队的标兵，就是在整个茶汛期间，兰娣和阿元叔的茶叶，一向是公社收购站里评品等级的活标准	6:7
1997-93-15	炒	对球员转会和收入，不等有关规章制度修改、完善，就被“炒”热了	26:27
1998-80-15	炒	”1996年7月局党委民主生活会上，局负责人再次提出要崔停止炒期货，崔又一口回绝并与其发生争吵	30:31
1987-79-15	炒	在北京刚刚开业的一家微波餐厅里，沿墙桌子上放着四台电视机大小的微波炉，只见厨师把一盘盘配好的菜肴放进炉门内，按下电钮菜盘在炉内自动旋转着，只需短短三四分钟，一盘盘熘虾仁、炒鱼片、爆鸡丁就端上餐桌，色香味俱全	85:86
1968-41-15	炒	我们在大井，学习了您在这里写下的光辉著作《星星之火，可以燎原》，敢于顶逆风，战恶浪，坚决支持了无产阶级革命派；我们吃着您当年吃过的淡炒南瓜红米饭，发扬艰苦奋斗的光荣传统，紧密地和群众联系在一起，同甘共苦，并肩战斗；我们站在黄洋界上，朗读着您气势磅礴的诗句：“黄洋界上炮声隆，报道敌军宵遁”，发扬穷追猛打的战斗精神，发动广大群众向一小撮阶级敌人展开猛烈的进攻，挖出了隐藏十几年的国民党残渣余孽，把一小撮阶级敌人淹没在“人民战争”的汪洋大海之中	66:67
1991-88-15	炒	新华社记者周立宪、本报记者徐运平报道：中国出口商品基地建设总公司所属百孚公司违反规定从事炒黄金和外汇买卖，造成１８００多万美元损失的重大案件，最近被监察部查处	44:45
1994-78-15	炒	地委书记赵风翔总结出三句话标准是：“早要少，午不炒，晚更简”	24:25
1985-52-15	炒	“小锅炒”就不同了，它可以适合广大用户的不同需求，受到消费者欢迎	3:4
1956-19-15	炒	抓饭是把羊肉和红黄萝卜炒过后加上大米和葡萄干煮成的	11:12
2001-99-15	炒	例如增强上市公司信息披露的时效性，改变目前年报披露时间过长、信息滞后的状况，特别是预亏公告更要及时发布；再如扩大信息披露监督范围，去年以来，市场狂炒“ST”、“PT”股票，亏损股越亏越风光，究竟是哪些人将ST郑百文连拉8个涨停，又连封6个跌停	73:74
1972-42-15	炒	一次，他们采用一个疗效较好的治寒泻的验方，用铁锅炒花稔叶，研成粉末，配上炒米粉，制成合剂药粉，为二队队长莫枝的小孩治疗，但没有效果	24:25
1982-72-15	炒	目前用木柴炒茶，每炒一担茶需烧掉木柴400斤；全省年产茶170万担，每年需耗柴30多万吨	5:6
1991-57-15	炒	”原来他们要了４个菜：青椒炒肉片、蒜苗炒肉片、番茄汁牛肉、木樨虾仁，两碗榨菜汤，４碗饭，一共才花了２０元，而且菜的味道很好	13:14
1958-30-15	炒	炒茶室的机器生产，又给采茶姑娘们提出了新的任务、新要求，她们原来的采茶方法和速度远远跟不上炒茶室的机器生产了	0:1
2003-63-15	炒	当听到客人交口称赞时，少妇将炒好的咖啡豆倒入一个石臼，用一个长把小锤有节奏地舂捣，发出清脆悦耳的响声	14:15
1956-3-15	炒	人们在这个队的食堂里，可以吃到豆角炒肉片、青辣子炒肉丝、红烧茄子、冬瓜熬肉、洋葱炒肉、蕃茄炒鸡蛋等菜肴	17:18
1970-40-15	炒	学习《矛盾论》以后，我就在每次吃饭时单独炒一盘辣椒放在桌子上，由同志们自己选择；同时根据南方人与北方人的不同胃口，分别给予照顾，并不断改进烹调技术，同志们都很满意，说：“王祥学了唯物辩证法，改善伙食有办法	20:21
1982-97-15	炒	他们自己并不吃，因为必得用油炒，最好还要配上肉丝，不然那土腥味很难禁受	14:15
1970-4-15	炒	过去，我没想到这些，炒菜时青菜辣椒一锅炒，结果有些同志吃得高兴，有些同志吃得恼火	10:11
1958-23-15	炒	有了炒茶机、揉茶机后，解决了“插得秧来茶又老，采得茶来秧又黄”的矛盾	2:3
1957-49-15	炒	叫我炒莜麦，一连炒三天三夜	2:3
1988-68-15	炒	尽管如此，围绕“炒更”的是与非，人们还多有争议	8:9
1984-55-15	炒	高标准整党，应该象军队那样，在深入细致的思想工作上下功夫，决不要追求表面的轰轰烈烈，搞什么“炒回锅肉”、“杀回马枪”，层层把关、人人过关那一套	46:47
1996-70-15	炒	”据说，山脚下的华侨餐馆这两天伙食也有所改善，炒一些谢军爱吃的蔬菜	23:24
1959-17-15	炒	而且节省人力和成本，炒的料质量好	10:11
1960-44-15	炒	她摸透了每个人的脾气，那些人喜欢吃得咸，那些人喜欢吃得淡，青年、壮年人吃菜要炒得生，老年人就喜欢吃得软一点，烂一点的	38:39
1958-9-15	炒	有的地方的腊八粥是煮咸的，除上述米豆外，再加油菜（油菜洗净切碎用油炒过），和去皮芋头、蚕豆、油炸豆腐等	33:34
1979-71-15	炒	可是，端到梁政委面前的饭菜却变了样，白白的大米饭，土豆丝、豆腐，外加一个蒜苗炒猪肉	38:39
1998-95-15	炒	恶炒中国书画家的名声，首先发生在香港	1:2
2002-91-15	炒	那时农家吃黄鳝的方法只有两种，一种是炒银丝，也就是农家人常说的炒长鱼	18:19
1985-60-15	炒	有一次，他到基层检查生产救灾工作，同志们出于对他的关心，给他炒了几个鸡蛋，他严肃地说：“你们要和群众同甘共苦，不要搞特殊	30:31
1964-48-15	炒	为了进一步提高茶叶的采摘质量，今年这里还开办了采茶技术训练班，推广了先进的采茶技术；炒茶也要求做到鲜叶过筛，分等分级，力争多产优质茶	42:43
1995-83-13	热	全社会要进一步发扬关心下一代的良好社会风尚，齐心协力为少年儿童的健康成长创造良好的社会环境，有一分热，发一分光，尤其是新闻、出版、广播、影视、文学艺术等部门要充分发挥宣传教育作用，为净化社会风气，为少年儿童提供健康的精神食粮做出努力	49:50
1988-97-13	热	然而“阿空加瓜热”也带来了令人头疼的问题：登山队弃置的废物使这座著名山峰几乎变成了垃圾场	7:8
1960-39-13	热	中午天气很热，正在田间休息的社员们一见六姐妹送货到方，马上围过来	5:6
1958-11-13	热	八纲在临床上的演化是错综复杂的，有表虚里实，上寒下热，表热里寒等等，甚至还有真假之别，如四肢发冷（寒象），口渴口干（热象）	25:26
1975-44-13	热	北辛安第二小学一些红小兵到附近农村参加劳动，这天很热，他们相互鼓励说，“工人叔叔在高温炉旁不怕热，咱们也不怕热	25:26
1982-91-13	热	郭长任觉得烫热的汤圆，囫囵滚过了食道，掉进了胃里	6:7
1965-48-13	热	它诬蔑中国共产党“把资本主义国家工人阶级争取民主的斗争同争取社会主义的斗争对立起来”，“以世界热核战争作为革命的代价”，“不是为了每个国家劳动人民的利益”，而是“使资本主义国家中的社会主义革命失败”	47:48
1959-42-13	热	郊外来的客人，中午走热了，疲倦了，只花一角钱，就可以到那格外阴凉的茶座内，泡一杯重庆沱茶，甜睡二、三小时	10:11
1998-74-13	热	辣椒是“热”，胡椒也是“热”，大约他们以为舌头发热的感觉便是辣	4:5
1961-46-13	热	把粗杂肥、固质肥、失效肥如草皮土、稻根头、垃圾泥等焖烧焖熏，熏透以后打碎过筛堆成堆，这样就成了肥性热的钾质肥，这种肥料最适于早稻作底肥；二、混制法	49:50
2001-57-13	热	在韩国，最近流行“中国热”	11:12
1959-16-13	热	浓绿的榕树上响起了青蝉唤热的“知了”声，南国广州进入了盛夏	12:13
1959-9-13	热	那么，人和鸟兽之类的动物，号称暖血，是不是它们的血液比空气热呢	29:30
1965-14-13	热	众所周知，为了维护国际和平和防止会对人类意味着严重灾难的世界热核战争，我国政府过去和现在都一贯支持一切旨在减少军备竞赛，禁止生产、储存、扩散和使用热核武器，停止核试验及彻底销毁核武器的现实和善意的倡议	30:31
1958-10-13	热	热核反应堆将是怎样的呢	0:1
2000-98-13	热	新经济时代的到来在美国引发了一轮新的风险投资热	22:23
1988-95-13	热	一年多来，通俗歌曲的“西北热”不断加温，街头巷尾时时可闻	13:14
1987-82-13	热	这就要求我们必须保持党的农村政策的长期稳定，从各个方面创造良好的投资环境，保障投资者的权益，帮助农民通过发展生产开辟更多的收入来源，把“建房热”变为“生产热”、“开发热”、“投资热”	70:71
1993-67-13	热	本报贵阳７月１１日电记者胡跃平报道：隶属黔南苗族布依族自治州的贵定县，在改善城镇投资环境的同时，注意防止热了城市冷了农村	52:53
1965-3-13	热	我就建议当天值班的经济委员把饭菜送去，在附近村庄加热后送到车上，马庆仁同志见到送去的热饭菜，非常感动	25:26
1969-13-13	热	六月的天气，屋子里又闷又热，汗水湿透了衣服	12:13
2000-55-13	热	要让两头都热起来，一方面各级政府要“请神仙”，主动到科研单位去找技术、找成果、请专家；另一方面，科研单位也要转变观念，主动走出门，到生产第一线去，让自己的科研成果在生态建设中发挥作用	5:6
1961-7-13	热	这个车间原来有一间休息室，由于去年在周围新建了一座石灰窑，因而既热又不清静	32:33
1994-70-13	热	在刚刚逝去的１９９３年中，有过太多的热门话题；而人才流动、人才市场可以算是“热中之热”了	18:19
1994-96-13	热	各级领导干部要注意工作方法，心要热，头脑要清；细分析，分类办；谋长远，近实施	16:17
1956-38-13	热	詹姆斯牧师（澳大利亚）在发言时指出，英国和美国将要在太平洋地区进行的原子武器和热核子武器的试验，对澳大利亚人民有着危险的后果	39:40
1989-73-13	热	26年后的今天，妇女拥军队几乎很难见当年的故人，可是，她们对部队的情依然像当年那样浓，心仍像当年那样热	50:51
1999-76-13	热	但是，它和上层文化共同组成民族的整体文化，是民族整体文化的基础部分，不容忽视，这也是它这些年能“热”起来的根本因素吧	48:49
1988-81-13	热	世界兴起盆景热的主要标志，是各国都建立了大小不一的盆景组织	6:7
1956-8-13	热	当汽车到达近五千公尺高的喜马拉雅山山口时，在眼前的喜马拉雅山第三峰——琼莫拉热，雪光耀眼，在它脚下的多吉湖，平静如镜，经常有白鹤飞过湖面	38:39
1961-19-13	热	中国驻罗马尼亚临时代办董俊民和苏联驻罗马尼亚大使热加林13日晚联合举行苏中友好招待会	24:25
2002-52-13	热	他说：“环卫工作很重要，我有一分热就要发一分光；干，就要干好，干出一番事业来	16:17
1963-20-13	热	又如，张淑桂演的胡素芳，吸收了西路评剧高亢的音调来表现这个青年党员的坚强性格；花月仙用绕口令式的快速垛句唱“您看看这是一碗又热又粘又香又甜、嘀溜溜的圆团团转，粘米面的白糖馅的大个元宵”，也很符合“烂菜瓜”的个性，又有音乐特色	62:63
1987-61-13	热	最近，我来到被誉为“西北黄金城”的甘肃天祝藏族自治县哈溪镇双龙沟采访，发现在“采金热”的背后，存在一些令人不安的问题	41:42
1954-47-13	热	全厂主要动力之一的热电站，已经安装好第一号锅炉的全部主机和附机，并在二十五日砌完炉墙，准备开始烘炉，今冬明春将给建筑安装工人和生产车间的职工带来动力和热	9:10
1959-32-13	热	每一个革命者只能做热心家，不能做冷心家，对于革命事业只许热，热气越来越高，越热越好	9:10
2001-93-13	热	街道兴起读书热百姓生活更充实	6:7
1980-88-13	热	冷的、热的自来水管子，通往这一官家、那一官家，水龙头就安在院内，极其方便	3:4
1985-80-13	热	“这里比全国的‘三大火炉’还要热，典型的大陆性气候……”他文静地站在树下，一副深度的近视眼镜衬托着他年青而富于思索的面孔	15:16
1954-34-13	热	（十四）总理们重申他们严重关切为试验目的而进行的核子武器和热核子武器爆炸（这种爆炸不仅威胁到他们的国家而且威胁到全世界）的毁坏性的潜力，以及它们的长远的和尚未确定的后果，这种后果可能对人类的生命和文明造成永久的损害	29:30
1987-93-29	留下	长水说，这时候把孩子送回去，必死无疑，留下还兴许有救	19:21
1973-37-29	留下	其中第二乐章首席小提琴演奏者诺曼·卡罗尔美妙如歌的独奏和末乐章弦乐器浓郁的主题陈述，给人留下深刻的印象	44:46
1997-63-29	留下	想不到竟留下了异常深刻的印象	4:6
1978-6-29	留下	毛主席和红军虽然走了，但是留下了一颗北斗星在云石山旧居的上空	13:15
2002-72-29	留下	日前，记者来到了青岛市人大常委会，对这里有声有色的代表工作，留下了深刻的印象	30:32
1996-66-29	留下	我任驻俄罗斯大使时，很多俄罗斯人同我谈论中国的改革、称赞中国的改革，甚至他们的领导人叶利钦在访问中国后也说，中国经济改革的模式“给他留下深刻的印象”	66:68
1971-3-29	留下	匡复很早就参加了革命，和杨彩玉结婚后，被捕入狱，“受了折磨”；出狱后，他原想找到好友林志成，从而和妻女团圆，不料妻子杨彩玉和林志成早已同居；他想复婚，而又不愿破坏杨、林的平静生活，终于无可奈何地出走了，留下的是深沉的哀怨和无限的惆怅	101:103
1961-18-29	留下	江定仙说，李斯特一生留下有好几件作品	10:12
1998-89-29	留下	从外表看，五角大楼朴实无华，但自40年代建成至今，作为美国国防部所在地，一系列战争的策划地和指挥所，它既为美国创造过“沙漠风暴”的成功和辉煌，也留下了“越南泥潭”里难以自拔的失败和尴尬	72:74
1957-41-29	留下	1954年我曾经以中苏友好协会访苏代表团团员的身份，到苏联去作了一次访问和学习，认识了很多苏联戏剧界的朋友，她们的友爱和热情，在我记忆当中留下了永难磨灭的印象	69:71
1982-91-29	留下	伊拉克部队立即发起反攻，“伊朗人仓惶逃跑，留下了上千具尸体，并有许多士兵被伊拉克俘虏”	21:23
1984-75-29	留下	这些充满友谊的聚会在人们心中留下了难忘的记忆	14:16
1965-42-29	留下	一个别动队员正在刚果河岸动手切断从发电站通往城市的高压电线的时候，被民兵发觉，中弹倒地，留下了一些证明他的来历的身份证	44:46
1957-13-29	留下	日本官方这种不友好态度，也给我们留下了深刻的印象	16:18
1974-48-29	留下	在矿山当童工的孙德玉，又被迫到地主家扛活抵债，至今他身上、手上、胳膊上还留下三处伤疤	36:38
1976-31-29	留下	他们只留下少数人营救自己的同志，绝大多数人立即去抢救附近的群众	3:5
1997-83-29	留下	该县新店坪镇农民李清海，离开了祖先留下的“风水宝地”——一座老木屋，用积蓄的万元资金，到俗称天险的３２０国道大关地段，修建了一栋经营餐饮兼旅馆的小楼，每天晚上过路车辆停住小店，生意红火	17:19
1991-87-29	留下	经由白庙，新街，黄龙?，方家集，双沟北窜的敌人遭遇了我们坚强的追击，已开始溃败，掉回头向东南退却了，我们留下政治队在张家沟输送伤兵，又随着总司令折回东南继续追击着	52:54
1995-82-29	留下	上海市“一年一个样，三年大变样”的建设成果给评委们留下了深刻印象	25:27
2000-65-29	留下	一见面，刘凯的不凡作派给杨先生留下了深刻印象	15:17
1962-36-29	留下	这本书特别可贵的是留下了阿曼这样一个革命精神充沛的青年的形象	9:11
1989-96-29	留下	弼时同志的报告和恩来同志的报告一样，给我们决死队干部留下的印象极为深刻	26:28
1986-59-29	留下	他临终前留下遗言，将自己的遗体献给医院，表现了一个优秀医务工作者无私的精神	4:6
1974-30-29	留下	科威特运动员年纪都比较轻，表演时冷静果断，顽强认真，给观众留下深刻的印象	29:31
1974-2-29	留下	伟大中国的这两个地区，给我们留下了深刻的印象	14:16
1958-19-29	留下	可是，这里的出色的卫生工作，人们自觉的卫生习惯，却给人留下了深刻的印象	27:29
1960-21-29	留下	1957年和1959年，浅沼先生曾经两次率领社会党代表团访问我国，给中国人民留下了深刻的印象，对于加强中日两国人民在共同斗争中的友好合作做出了重大的贡献	38:40
1963-4-29	留下	在拉丁美洲，正如第二个《哈瓦那宣言》所揭露的，美帝国主义每抢走拉丁美洲人民的一千块美元，就给他们留下了一具死尸	48:50
1970-38-29	留下	”同志们吃饭去了，留下罗秋华和另外四个同志继续作业	9:11
1960-7-29	留下	社会主义阵营国家代表团团长的发言给人留下了深刻的印象，他们是：捷克斯洛伐克社会主义共和国总统诺沃提尼同志、波兰代表团团长哥穆尔卡同志、罗马尼亚代表团团长乔治乌—德治同志、匈牙利代表团团长卡达尔同志、保加利亚代表团团长日夫科夫同志、阿尔巴尼亚部长会议主席谢胡同志	18:20
1964-5-29	留下	几年来，我们从思想教育入手，加强拖拉机手的责任感，这样留下的地头就慢慢由长到短了	27:29
1994-71-29	留下	尤为引人注目的是，很多举报者，留下了自己的真实姓名，显示出对自己的正义之举充满信心	15:17
2002-84-29	留下	他说：“来到柏林仅仅两天，柏林悠久的历史、崭新的变化给我留下了深刻而美好的印象	28:30
1962-45-29	留下	古埃及的光华，仍在白帆留下；金字塔后代儿女，已经战胜风沙	11:13
1988-90-29	留下	去年8月，她的丈夫在车祸中丧生，没给她留下只言片语，就匆匆地去了	19:21
1981-78-29	留下	到开封安顿好机关后，又因遇见叛徒，只得立即返回上海，留下元德同志带着孩子坚守机关，交接关系，应付各种事变	26:28
2003-61-29	留下	从浩竹做过的项目看，IT、医药、金融、食品饮料等行业人才流动比较频繁，这些领域的国内企业多是竞争力较弱的，而影响其竞争力的根本因素，在于人才尤其是中高端人才的积极性、主动性、创造性没能得到充分发挥，人才流失导致人才短缺更趋严重，跳走的人常常是最不应该放掉的人，留下的却常常是最应该裁掉的人	130:132
1963-28-29	留下	美国黑人总归是这样或那样的受害者，没有一个黑人没有在这场永久的冲突中留下伤疤	34:36
1980-98-29	留下	但这次群众一致选他继续当队长，他愉快地留下了	19:21
1996-64-29	留下	在市委、市政府的带动下，从区县到街道都成立了送温暖工程领导小组，全市几乎所有困难家庭都留下了各级领导送温暖的脚印	43:45
1958-4-14	窗口	一阵阵汽车声、拖拉机声从席棚的窗口透进来	15:17
2003-73-14	窗口	真诚地希望广大读者就这些问题，提供内容健康向上、见解精辟独到、语言生动活泼、篇幅短小精悍，有一定思想性、启发性的文章，力争使本栏目成为反映读者心声的小园地、沟通编者与读者的小窗口	87:89
1958-15-14	窗口	等人就是这样，愈等心愈急；三个小时过去了，齐小影竟一去杳无影踪，徐岗焦急地等着，开始显出心神不定的样子，一回儿朝着窗口呆望，一回儿又用手指弹着桌子	57:59
1955-21-14	窗口	从窗口望出去，可以看到街上熙熙攘攘的人流、琳琅满目的商店橱窗、咖啡店和点心铺的霓虹灯招牌	1:3
1999-59-14	窗口	他们按照国际惯例运作的管理机制，实行对外一条龙管理服务；推行“收支两条线”、“一个窗口收费”等等	41:43
1978-39-14	窗口	目前，全市饮食店早点售货窗口已由原来的七百八十五个增加到九百八十六个	12:14
1962-16-14	窗口	楼梯不能上，他们使用一种带齿的冲锋梯，挂在窗口上，一层一层沿着墙壁往上攀	21:23
1964-14-14	窗口	老刘离开窗口，深深地吸了口气，感慨地说：“这孩子将来一定不比他爹差	4:6
1978-30-14	窗口	每天，当刘凤岭的车准备正点出发以前，人们可以看到：旅客都已安排妥贴，年老、伤残和带小孩的妇女坐在比较舒适的位置上，晕车的旅客给吃了防晕的药，坐在靠窗口的位子上	73:75
1996-84-14	窗口	要让旅客欢迎让旅客满意，我们就得让车站这个窗口美、方便、舒适、温馨	21:23
1981-70-14	窗口	清河毛纺织厂通过市场这个窗口，看到了消费者对商品的需求和自己产品花色品种上的不足	12:14
1963-25-14	窗口	示威者唱着歌，牢房窗口传出了响应他们的合唱	9:11
1987-98-14	窗口	统战部门要善于利用和发挥沿海开放城市和经济特区的“窗口”作用，积极协同有关部门做好经济领域中的统战工作	25:27
1989-94-14	窗口	当阴云浓厚起来时，守在办公室窗口的干部们有了喜色	14:16
1967-44-14	窗口	游行队伍经过的沿途，倾城而出的居民，簇拥在街道两旁，连高楼的窗口和阳台上都挤满了人，他们和游行的队伍一起振臂高呼：“向中国人民解放军学习	30:32
2001-50-14	窗口	旅游业是个“窗口”行业，作为管理者如果没有坚定的理想信念，没有正确的人生观、世界观和对形势的正确把握与认识，有时就难以做出正确的取舍	6:8
1962-19-14	窗口	世炎同志的岳母夏娘娘机警地将窗口的花盆推到马路上摔碎，为世炎同志报警，因雨倾盆，天昏地暗，未发生作用	14:16
1997-88-14	窗口	上海商业饮食服务业是城市最大的“窗口行业”，有１３８万从业人员，１６万个零售服务网点，与人民群众生活息息相关	16:18
1954-10-14	窗口	医院的正面紧临着护城河，将来永定河的水引到这里以后，孩子们可以从病室的窗口里看到壮丽的古城下一道碧波荡漾的护城河，以及河中往来的船帆	35:37
1982-81-14	窗口	熄灯号吹过了，只有教员们那排宿舍的窗口仍亮着，窗口上显现着他们备课的身影	17:19
1971-42-14	窗口	街道两侧的一座座高楼上，人们从阳台、窗口向西哈努克亲王和夫人热情欢呼	18:20
1994-65-14	窗口	它是我国改革开放最早的窗口和试验田之一，集生产、技术、金融、贸易和服务于一体，在国内外享有较高的声誉	11:13
1997-67-14	窗口	随着对外开放的扩大，桂林市面临着两个方面的压力：一是世界各国的旅游者通过旅游城市这个对外窗口，了解我国对外开放的方针、政策	44:46
1995-71-14	窗口	城市也是一个地区物质文明和精神文明建设的“窗口”，集中反映了一个地区的文明程度	21:23
1963-24-14	窗口	武汉市第三医院修改和健全了一些医疗制度，简化了就医手续，药房在不增加人员的条件下增设了一个发药窗口，减少了病人取药的时间	47:49
1961-38-14	窗口	陈博紧握着手把，稳住被颠簸得左右摇晃的身子，全神贯注地了望着信号，一会儿坐到司机背后，从左窗口观察，一会儿又换到右窗口，聚精会神地观测信号灯的透视距离	45:47
1991-92-14	窗口	在党政机关、工矿企业、商业战线、教育界分别开展“人民公仆”、“为党增辉”、“企业主人”、“乡村新事”、“文明窗口”、“校园春色”活动	54:56
1973-6-14	窗口	他说：“他们表面上从大门走出去了，但仍然想从窗口爬回来	22:24
1958-45-14	窗口	北京市第七医院的挂号窗口已由两个增加到四个；负责给门诊病人配药的药房工作繁忙时，给病房病人配药的药房人员立即前去支援，以减少病人等候取药的时间	10:12
1976-7-14	窗口	呵，售报亭的窗口，呵，伟大时代的镜头	6:8
1996-96-14	窗口	很快，在财务出纳科的窗口，在公司门诊部，在服务“窗口”处，醒目地挂出了“在船船员优先”的牌子	10:12
1982-69-14	窗口	如果把电视剧作为窥视现实生活的一个窗口，那么，这三部电视剧不仅真实地反映了复杂纷纭的现实生活，提出了一些人们普遍关心的问题，而且塑造了较为生动的人物形象，看后使人受到教益	17:19
1992-55-14	窗口	国家为了推进高新技术产业化，专门制订了“火炬”计划，但国家科委苦于新技术没有销售窗口	40:42
1957-1-14	窗口	斯米尔诺夫一手挟起男孩，跳出窗口	14:16
1998-57-14	窗口	八段锦功做完后，他俩就开始了无休无止的辩论，直到老伴儿在各自的窗口上喊着他们吃早餐时，辩论才暂告休止	31:33
1959-26-14	窗口	那辆车也同时煞住，从驾驶室的左边的窗口，伸出一个头发略现蓬松的姑娘的脑壳，朝我们车上看了一眼，随即把头缩进去，车门开了，她跳下来	17:19
1964-9-14	窗口	戈壁滩上的黑砂哟，埋没过千万壮士的梦幻；而今火车窗口里，却闪着无数发光的心愿	24:26
1986-51-14	窗口	市委、市政府决定以为群众提供热情、周到、优质的高标准服务为出发点，在市区的商业、服务业和公共交通行业中开展创建“文明窗口”活动	58:60
1997-85-14	窗口	环境美了窗口亮了事好办了	4:6
1996-72-14	窗口	与此同时，他们还在青年职工中开展“白求恩杯”窗口竞赛及“岗位学雷锋、行业树新风”评比活动，使医务人员的服务水平明显提高	22:24
1991-66-3	窗户	那宏亮的声音，仿佛要把人的耳膜都穿透，把窗户都震颤，唱得吴振宇等朝鲜朋友连连鼓掌：好嗓子	20:22
1964-14-3	窗户	这是多少家的窗户呵，光闪闪	6:8
1986-86-3	窗户	有些老年人认为自己居室的窗户宽敞，室内充满阳光，就没有必要出外晒太阳了	12:14
1987-94-3	窗户	地震使路灯一度熄灭，并震碎了一些玻璃窗户	18:20
1959-1-3	窗户	在赫鲁晓夫讲话时，阳光正透过窗户照射着会场，使这个庄严的大厅显得更加辉煌明亮	14:16
1979-74-3	窗户	如民用及商业用节能措施方面有：加强计量管理，杜绝泄漏；加强房屋保温，防止冷风侵入；采用双层玻璃，或双层窗户；采用红外辐射取暖；采用太阳能供热、制冷及空调；提高用能设备的效率降低能耗；为改进现有建筑热效和设计节能新建筑，提供节能贷款；资助民间节能研究等	51:53
1993-81-3	窗户	据说，这种装置可用于不设窗户的大厦的照明，将来可作太空基地的光源，还可用来测试服装面料在何种气候下穿着舒服	12:14
1984-99-3	窗户	欢乐的笑声从一扇扇窗户中飞出，在夜色迷茫的山沟里回荡	9:11
1995-76-3	窗户	该机构宿舍的窗户上钉有铁条，并且出口被锁上以防止受训者逃走	6:8
1984-96-3	窗户	由此可见，窗户是建筑节能的关键所在，而窗缝又是其中最薄弱的环节	5:7
1992-58-3	窗户	打开窗户，免不了飞进苍蝇	2:4
1994-59-3	窗户	他向我解释这幢建筑物的特点，从上部窗户射进来的光线变化，会对室内光亮度产生什么影响	17:19
2003-83-3	窗户	青岛凯都服装有限公司的女工们不会忘记，是刘永和第一个冲到化工仓库，在大火中冒着浓烟沿窗户爬到二楼，指挥她们垂下布匹自救，并会同其他干警将易燃、易爆化工原料转移到安全地点，才保住了1万平方米的厂房和设备，避免了6000余万元的财产损失	42:44
2001-95-3	窗户	左下图：村民卢雷杰说，这道墙挡住了我家的窗户，冬天太阳照不进来，屋里特别阴冷；夏天风不能吹进屋里，室内特别闷热	20:22
1958-46-3	窗户	许多农民听说有下放干部到自己家里来住，都把屋子收拾得干干净净，铺上新的炕席，有的房东还用红彩纸剪了窗花，贴在新糊过的窗户上	58:60
1967-47-3	窗户	苏修集团叫嚷“把窗户打开”，就是对美帝实行门户开放政策	8:10
1955-11-3	窗户	各个生产队的夜班作业的拖拉机的轰鸣声响彻草原，从宿营车的窗户向外望去，在草原的近处远处都闪耀着银色的灿烂的灯光	28:30
1959-21-3	窗户	工人又送来最新的水轮机，给山区安上最亮的眼珠，一排排线杆列队走向八方，把星斗送进了每一个窗户	44:46
1964-49-3	窗户	那时候当官的吃饭不给钱，你找他要钱他就揍你，要不就把茶壶、饭碗往车窗户外面扔	33:35
1971-44-3	窗户	巴基斯坦高级专员公署大楼的一些窗户被打破	15:17
1957-45-3	窗户	工厂的工业卫生要求很高，有的生产车间的窗户都不打开，保证车间空气清洁，并用空气调节设备控制室内温湿度	19:21
1990-91-3	窗户	隔着诊室的窗户，鄢亚琴一眼认出了是他，赶忙迎了出去扶着老人，柔声细语地问：“大爷，您吃了药，怎么反倒厉害了	5:7
1962-39-3	窗户	爬到炕里，揭开窗户帘朝外看看，妈妈还站在猪圈墙下边跟谁说闲话	7:9
1985-84-3	窗户	北京市郊区不少新建的楼房，由于没统一安装电视天线及室内电视天线插座，住户要从窗户、阳台或屋顶支出象蜘蛛网似的电视天线；有的房间没有装电源插座或仅有一个插座，住户只好从别处或灯头上接电线，外装插座，这既难看又不安全	38:40
1993-89-3	窗户	“罪犯”弃车逃跑，躲入一楼房负隅顽抗，我３名特警队员，分别沿水管、窗户攀上楼房	33:35
1995-80-3	窗户	只有这些贴在窗户上、囊尽各种风物的窗花，才会让他们觉出，日子在这片贫瘠之乡，还过得很瓷实	6:8
1971-25-3	窗户	这么一来，有的同志就认为：我们石家庄是“窗户里吹喇叭——名声在外了	20:22
1965-41-3	窗户	记得那是一个冬天的早晨，病房的窗户都紧闭着，刚一进门就觉得有一股气味，我禁不住皱了一下眉头	15:17
1954-48-3	窗户	美国“基督教科学箴言报”的记者海华德一九五二年六月报道：“以观察员身份被邀参加会议的美国和英国的外交代表们，不得不越过窗户，匆匆地跑出会场	59:61
1965-5-3	窗户	他说，“这是令人失望的一周，因为我们没法打开和平的窗户，但得到的回答是听厌了的咒骂和口号以及拒绝会谈”；	25:27
1960-22-3	窗户	室外，寒暑表的水银柱落到零下十度，从窗户里遥望，鳞次栉比的屋顶上是一片片晶莹的白雪	18:20
2003-55-3	窗户	有的房屋墙壁裂缝几指宽，屋后茅草掩住了窗户	19:21
1976-34-3	窗户	但是，官僚主义是一种顽症，我们把那些实行官僚主义、装成共产主义者的老爷们，赶出了大门，他们又从窗户里钻进来	47:49
1956-31-3	窗户	黎族人民的生活显然还是很简陋的，房子都异常矮小，没有窗户	26:28
1959-8-3	窗户	这种猪舍直径三十尺，屋顶铺瓦，地面铺砌三合土，八个方向都有窗户，中部设人行大门和走道	29:31
1997-62-3	窗户	没有窗户，没有电灯，借着电视记者的照明灯光，李鹏好不容易才看清房中守着火塘席地而坐的一位古稀老人	2:4
2002-73-3	窗户	据现场救援人员说，这次事故之所以造成严重人员伤亡，是因为火车的车窗全部安装了铁栅栏，致使许多乘客无法从窗户逃生	51:53
1962-6-3	窗户	许多住宅的窗户上都低垂着深色的窗帷，这是人们专用来遮挡光线的	5:7
1982-92-3	窗户	我们只能在窗户外投以一瞥	5:7
1959-35-3	窗户	没有会议桌，办公桌上没有桌布，窗户上没有窗帘	15:17
1985-67-11	紫色	油田的大地上开满了野花，辫子草撑着白色的绒伞，长寿菊抖着紫色的花蕊，奶子棵摇着串玲，闹曲曲的花冠组成宝塔，羊狗菜的金盏中盛着翡翠似的果实……	28:30
2001-72-11	紫色	颜色是一个心理物理量，有些颜色会使人感到温暖，如红、橙、黄色，称之为暖色调；有些颜色使人感到清凉寒冷，如蓝、青、紫色，称为冷色调	56:58
1990-93-11	紫色	芬森经过研究证明，光中只有紫色的部分具有良好的治疗作用	13:15
1958-30-11	紫色	紫色的雄蕊让观音坐着蒲团	0:2
1988-99-11	紫色	河面大多被翠绿的浮萍覆盖，茂盛的水葫芦开着紫色的小花	21:23
1957-4-11	紫色	展览会上展出的邮票极为丰富，有我国清代驿站的排单和火票，清代大龙票实寄封；各革命根据地发行的邮票实寄封；1920年5月7日北京——天津间往返线开航时，盖有紫色长方形“由飞艇收讫”特戳的首航封；中国早期的旧邮票；罕品“变体”与“样票”；红印花加盖暂作邮票组版式；还有以“苏联”、“美澳洲”、“亚洲”、“欧洲”、“动植物”、“运动”、“国际劳动节”、“国旗国徽”、“社会主义阵营的伟大团结”、“新中国”、“为了和平与友谊”分类的各种珍贵邮票	77:79
1962-0-11	紫色	病人的皮肤，尤其是唇和指端出现青紫色，不能耐受劳动，儿童发育受到很大影响	16:18
1960-34-11	紫色	5月里，红色的山楂花，紫色的丁香花，密密丛丛，成林成片，像海洋似的泛满布拉格	11:13
1958-32-11	紫色	就在这个盛大的检阅典礼上，我们听到：在太原，平炉中的钢水从三个槽子中沸腾流出，在炼钢中取得了重大成就；在上海，攀上了染料工业技术的高峰，制成英国前年才发明的永不褪色的活性染料，并且试制出英国还没有的紫色活性染料	99:101
1955-22-11	紫色	”侦察员马上观察了邢德昌家的烟囱，发现上面有血点，越接近地面血点越多，把豆秸揭开，在一堆紫色血迹旁边，有一块带血和女人头发的砖头	44:46
1996-77-11	紫色	无论凌厉的霜风吹来，还是瓢泼的暴雨浇来，它们都能蓬蓬勃勃地展瓣吐芳，用明净的紫色去点缀广袤的原野，把淡淡的清香溶进无比清新的空气里	38:40
1988-61-11	紫色	中间有一淡黄色的小道，和紫色岩石形成明暗的鲜明对比	12:14
1992-96-11	紫色	目下正逢枯水季节，宽广的河床里，满地都是紫色的岩石，被常年的水流冲磨得异常润滑	20:22
1966-15-11	紫色	塔高达六十英尺，是用紫色和黄色的钢条筑成的	10:12
1963-40-11	紫色	现在，被俘的印军步兵第七旅旅长达尔维准将的指挥部办公室内，一张紫色圆桌的玻璃板下，还压有一张向中国领土推进的军事部署图，办公室右侧的一间大房子里，还摆了一座十米长、五米宽的大沙盘	31:33
1982-64-11	紫色	清水区的丘陵上长着一种叫山胡椒的野生树，淡黄色的小花开后，结出绿豆一样大小的青紫色果实，成年树每株可结籽40斤左右	39:41
2003-69-11	紫色	湖南有紫色岩、钙质岩和石灰岩山地720多万亩，分布在湘西土家族苗族自治州、永州、衡阳、邵阳、张家界等5个市、州	3:5
1956-28-11	紫色	有彩的器物多是红色，彩是黑的或紫色的，绘在钵、壶的外表或盆子的里面，花纹中以三角、条形和方格的几何形花纹为最多；比较突出的是动物如鱼、鹿、人面形等等的形象，这些形象都很真实，由此可以看出，我们祖先已经能够深入地观察事物内部的特质，抓住特点而不失原形地表现它们的形象	15:17
1976-23-11	紫色	由于两人站在一条直线上，我无法看清来人的面容；但从那高高的发髻，艳丽的紫色统裙，特别是那矫健的身影，机敏的动作上看，我认出了，她就是伊蒂娜	35:37
2000-57-11	紫色	原来在赌场屋顶上那些华丽的吊灯和射灯旁边，都有一个半圆形的紫色灯罩，那是赌场老板设置的高清晰度摄像机，可以监视赌场的每个角落	29:31
1970-10-11	紫色	从去年十月以来，公社革委会的领导成员，带领群众，以愚公移山的坚强意志，用钢钎、炸药开山凿石，整地造林三千多亩，为全省在紫色页岩地区造林树立了榜样	59:61
1985-53-11	紫色	这些米的外型和表色也很别致，有黑色的、黄色的、紫色的、白色的和红色的，米身有胖有瘦，有长有短，可以说是水稻中的一批“珍宝”	23:25
2000-74-11	紫色	为了治理这一“癌症”，县水保局发放雷管炸药，动员山民放炮炸山，把紫色页岩爆松后再播草植树，果然生效	32:34
1959-46-11	紫色	外科医师孙衍庆总喜欢携带他那个紫色的皮包	15:17
1985-60-11	紫色	张果喜举起雪亮的高脚酒杯，紫色的葡萄美酒在晃动，随着清脆的酒具的叩击声，双方一仰脖之后，张果喜微笑着说：“这次来贵国很想复查一下上回阁下说的已损坏的佛龛，以便照价赔偿损失	13:15
2000-84-11	紫色	在万佛寺唐代观音造像的基础上，运用现代科技方法，以青铜镀金等工艺再造了这尊“东方美神”，配套设计了莲台、八极古木地坛，并在其冠部镶嵌了茶色的水晶球，莲台镶嵌了二十一粒紫色水晶珠	83:85
1961-11-11	紫色	还有些工人将厂里过去积存的和从厂外收集来的大量边角余料，精心制成各式各样的童装、童帽、提包等，像用白色、淡灰色布块拼成的儿童凉帽，用紫色和米色斜方块拼成的对襟女衫，看来倒也新鲜别致，别具一格	66:68
1954-27-11	紫色	苏联共产党中央委员会的十月革命节口号嵌在紫色的横幅上，分外醒目	20:22
1980-54-11	紫色	事情是这样发生的：喜欢荫蔽的紫罗兰，它们的紫色花朵充分地暴露在烈日之下，枯萎了	21:23
1989-97-11	紫色	10年前他的右腿骨粉碎，靠钢钉支撑起了身体；5年前左腿又被烫伤，至今伤口未愈，一片黑紫色	42:44
1960-21-11	紫色	金黄的稻谷、鲜红的苹果和紫色的葡萄，成群结队，高歌漫舞，把观众带进一个迷人的童话世界	12:14
1982-87-11	紫色	观赏类，主栽于莲花缸中，其品种有并蒂莲，花粉色，花朵两两并生；碧绛莲，花重瓣，白色边缘带紫色条纹；大碧莲，花重瓣，淡绿色；大紫莲，花单瓣，紫色	44:46
1956-44-11	紫色	可是六月份我们买来的天津五四五厂出产的机星牌蓝色油墨，里面却有带紫色的，也有带绿色的	32:34
1986-80-11	紫色	多么令人难忘啊，那藏族猎人高吭的歌声，傣族男女健美的舞蹈，彝族大爹炽烈的火把，纳西姑娘多情的眼泪，白族少女爽朗的欢笑，佤族小伙悠扬的琴声，布朗族民兵锋利的长刀，边防战士胜利的枪声，还有那迪庆高原紫色的杜鹃，澜沧江上飞驶的龙舟，玉龙山下明镜般的湖泊，苍山顶峰洁白的望夫云，高黎贡山闪光的瀑布，红河岸边激昂的军号……这一切，使他的作品充满战斗生活的气息，饱和诗情画意的情调	97:99
1955-6-11	紫色	越过大同江的碧波，东平壤笔挺地伸延着新的街道；回过头来，“毛泽东广场”在夕阳中放着光彩，那周围是美丽的住宅区，紫色的炊烟缕缕随风飞入天际……	55:57
2000-63-11	紫色	五里亭乡、埠头乡、高兴镇交界处是寸草不长的紫色页岩，人们传说，铁扇公主在此地放了一把火，所以这里的山地被烧成赤红赤红的	21:23
1956-36-11	紫色	农业社的年轻社员们收割着紫色的青稞和金黄色的小麦，老年社员在晒场上看场，经管翻晒	12:14
1963-14-11	紫色	那紫色的大陆群山，那天安门上金色的太阳，都在看呵，看这钢铁般的小队，庄严地，行进在小海岛上	1:3
1969-24-11	紫色	有一次，青年工人杨文进，在龙门铣床上加工摇炉杠座平面时，一个紫色刨花飞进了他的鞋里，烫得他头上直冒汗	30:32
1982-52-11	紫色	每年9月到翌年三四月间，你如果到福建沿海一些渔村，每当潮涨潮落时，便可以看到，在海滩上的一个个张挂着网帘的筏架上，一丛丛毛茸茸的紫色海菜，随波浮荡	64:66
1970-2-22	细菌	中曾根不仅曾经要求三岛到“自卫队”去散布军国主义“细菌”，而且还亲自聘请三岛到他充当校长的拓殖大学担任“特殊讲座讲师”	25:27
1985-58-22	细菌	《南方日报》△广州肥皂厂研制成功高效灭菌净，能在数分钟内消灭肝炎病毒及多种致病细菌，适宜食品行业及家庭餐具消毒	39:41
1959-34-22	细菌	这位市长正是害怕戳破这个脓疮，唯恐影响了法西斯细菌的温床	23:25
1956-4-22	细菌	根据对患者作细菌和组织切片检查，证明有效率也分别达到83.5％和81.58％	6:8
2002-83-22	细菌	木兰纸业的主要产品是餐巾纸、卫生纸及妇女用卫生巾，这些产品如果使用麦秸制成的草浆作原料，固然能够带来高额利润，但是细菌含量却严重超标，必须用大量的化工药品进行消毒	57:59
2003-98-22	细菌	试用时通常是导购小姐用自己的手指在润肤品中抠一点给顾客，但医学研究测定：一只没有洗净的手所带有的细菌，少则几万个，多则几十万个	48:50
1970-9-22	细菌	要摆脱被动，取得用药的自由，必须首先掌握药物和细菌相互斗争、相互制约的规律	23:25
1958-10-22	细菌	病原体是一种叫做“东方立克次氏体”的病菌，比一般细菌小而比滤过性病毒大，容易在恙虫身上繁殖生长	24:26
1986-62-22	细菌	近年来有人估算，人体约由1013个细胞组成，而居留在人体内的细菌竟达1014个，即人体内细菌的数目十倍于人体细胞的数目	30:32
1997-80-22	细菌	由于用常规方法处理的自来水中所含的微细杂质、可溶性固体物质及对人体有害的其他物质，诸如细菌、重金属、病毒、有机物分子等无法通过渗透膜而留在原水内，从而使通过反渗透膜的水成为几乎不含任何杂质的优质纯净水	43:45
1987-54-22	细菌	实验表明，细菌类在空间环境中比地球上生长要快，对抗生物质的耐力显著增强	5:7
1966-29-22	细菌	后来有关部门把这种污水同屠宰厂的废水混合灌溉农田以后，既消灭了屠宰厂废水中的细菌，也稀释了焦化厂污水的酚毒	38:40
1969-15-22	细菌	“烤烟苦、烤烟苦，吸细菌，喝尘土，腰酸背弯手脚疼，十人九病向谁诉	10:12
1999-84-22	细菌	十九世纪发现了致病细菌，许多感染性疾病得到了解释	9:11
1959-24-22	细菌	如生物教师讲土壤课后，带领学生从多方面去观察分析土壤的成分和性质；讲了肥料课后，就组织学生制造堆肥、颗粒肥和细菌肥等	54:56
2000-93-22	细菌	由于各种香辛料中含有的细菌数量多、菌种杂，且多为厌氧菌，低温灭菌时很难杀尽，致使产品微生物指标超标	11:13
1998-64-22	细菌	该产品利用高压电离空气产生的臭氧有效地杀灭水中的细菌，不但可以用来净化饮用水，还可以对餐具、水果、蔬菜、衣物进行解毒，用途十分广泛	24:26
1981-73-22	细菌	因为讲卫生，包含着科学的观念，如关于细菌的观念，关于传染的观念等等；特别是包含着反对迷信、落后、不清洁、不勤奋的思想，包含着改变生活习惯和守旧心理，树立起合乎科学的、积极向上的、光明洁净的社会风尚和生活习惯	18:20
1957-6-22	细菌	这说明，昆虫对杀虫药剂的抗性可能同细菌对药剂（如青霉素）的抗性在性质上是相同的，它们全都是酶的适应	17:19
1986-72-22	细菌	另方面，由于又发现了二百种细菌也有固氮能力，了解到某些细菌的固氮基因，正在设法将它们移入作物	13:15
2003-67-22	细菌	室内空气质量标准出台后，一些地方迅速出现了“家居医生”，专门为居民家居“体检”，“体检”项目有放射性强度、氡气浓度、甲醛浓度、苯、噪音强度、细菌总数等	70:72
1996-82-22	细菌	本来是非病原性的细菌，由于进化而变成病原菌，由于基因重组获得毒力基因而异化为毒力菌	8:10
1988-75-22	细菌	日本秋田大学吉村升教授最近通过试验证实，磁力可以杀死细菌	26:28
1959-1-22	细菌	有些细菌能以孢子的状态度过零下二百五十二度的低温而不会冻死	2:4
1977-31-22	细菌	宣讲团每到一地，结合农村实际，反复说明打死了苍蝇，并不等于消灭了细菌；揭批“四人帮”的斗争不是差不多了，而是要以两个重要文件为武器，继续用很大的力量，才能彻底肃清“四人帮”的流毒和影响	32:34
1992-56-22	细菌	原来，在老鼠的乳汁内含有乳肝褐质，这种物质能破坏细菌的繁殖，科学家希望通过对鼠奶的研究，查明这种物质是怎样起作用的，以及为什么有这种作用	24:26
1975-20-22	细菌	现在已经发现了一些最早的生物化石，例如，细菌化石，它们出现在距今约三十二亿年以前的地层里；又如，能进行光合作用的最早的绿色植物，即蓝绿藻一类的生物，这也是显微镜下的生物，它们出现在距今约三十亿年前的地层里	20:22
1984-88-22	细菌	赵紫阳总理还向全国人大常委会提出了关于建议我国加入《禁止细菌（生物）及毒素武器的发展、生产及储存以及销毁这类武器的公约》的议案	28:30
1959-40-22	细菌	在越南南部，美吴集团发动的“诉共、灭共”运动，他们对和平人民的逮捕、拷打、监禁、屠杀，时时处处都在发作，哪一件又不是美国细菌在那里起作用	60:62
1981-97-22	细菌	另一种细菌吃掉这种化学物质，将它转化为油，用这种油能生产石油或植物油	3:5
1959-38-22	细菌	是一种价廉物美的水果代用品，桑果因无果皮，果面又凸凹不平，表面可能粘有灰尘和细菌，因此，吃的时候最好用加盐的冷开水来洗净，或用高锰酸钾水溶液消毒后再吃	38:40
1959-46-22	细菌	北京市到2月13日止，已积各种肥料六百二十六亿斤，平均每亩春播地有肥料一万三千四百多斤；共制造出土化肥、细菌肥、颗粒肥四亿六千多万斤，平均每亩七十四斤	52:54
1961-27-22	细菌	但是，经过三年以后（1955），作者本人对上述结论作了重要的更正，发现进入细菌细胞的不仅有P32，同时也有S35，也就是说：无论核酸与蛋白质在噬菌体的复制过程都是不可缺少的	37:39
1960-21-22	细菌	在学校学了三天，从接种到固体培养、液体培养、灭菌、菌液拌合都学会了，细菌的神秘揭开了	34:36
1982-78-22	细菌	上海人艺公演《法西斯细菌》	10:12
1960-11-22	细菌	曾经在抗美援朝战争中参加反细菌战的白衣战士卢砚东，看到陈列在馆里的侵朝美军使用过的细菌弹的弹壳和撒布的带细菌的苍蝇、跳蚤、青蛙等罪证以后，向同来参观的医务工作者愤怒揭露当年美帝国主义进行绝灭人性的细菌战的滔天罪行，她说：“美帝国主义是屠杀朝鲜人民最野蛮最残无人道的刽子手，世界爱好和平人民，都应当起来制止美国的侵略活动	13:15
1964-13-22	细菌	生产根瘤菌肥料的难处在于不仅要求在工厂中生产大量活细菌，而且成品也是活细菌，并且要求在较长时期内保持旺盛的活力	25:27
2003-79-22	细菌	虽然尚存争论，但医学研究倾向于黑死病的病原是鼠疫杆菌，即一种通过跳蚤在老鼠与人之间传播的细菌，它传播速度快，毒性极强，能迅速置人于死地	44:46
1996-76-22	细菌	默克医药公司生产的Ｉｖｅｒｍｅｃｔｉｎ是土壤中细菌的产物，对于人类战胜寄生虫病，它比任何已知药物的效果都好	23:25
1959-39-22	细菌	”经过辩论和对细菌进行观察后，消毒组立即提出要做到餐具等彻底消毒，并向炒菜组、面案组、服务组等各组挑战	7:9
1962-38-18	绿色	现在，情况有了很大改变，人们正在逐步制服沙漠，已经开始出现一片片绿色的沙洲	32:34
2002-99-18	绿色	记者罗盘报道：在武汉，声势浩大的“禁白”行动带来丰硕成果：截至目前，该市泡沫餐具已基本绝迹，塑料餐具占市场份额已降至40％，“禁白”行动促进了绿色产业的迅速发展	71:73
1986-79-18	绿色	长岭县造林十年筑起绿色长城	9:11
2002-71-18	绿色	在即将完工的来广营乡朝来绿色家园，记者看到，54幢白墙红顶的别墅式小楼错落有致，道路、管道、绿化等市政设施正在加紧施工	12:14
1977-5-18	绿色	植物药多数是新鲜的，一片绿色，清香扑鼻	12:14
1973-27-18	绿色	当汽车沿着盘山公路进入山区后，只见公路两旁一片片郁郁葱葱的茶园，宛如一块块巨大的绿色绒毯铺盖着大地	40:42
1999-73-18	绿色	它希望通过一些具体的环保活动，提高会员和公众的环保意识，进而开展理论研讨和学术会议，以促进和发展中国的绿色文化	51:53
2002-77-18	绿色	一派意见是CDMA是绿色手机，辐射大大小于GSM	10:12
2000-98-18	绿色	十家知名企业联合发表绿色宣言	10:12
1998-83-18	绿色	压题照片为巴黎绿色街景	7:9
1959-16-18	绿色	街道两旁，高大的树木像绿色标兵似的列队成行	11:13
1954-2-18	绿色	站台上的人群，向着这个崭新的绿色列车上的人们欢呼	14:16
1958-41-18	绿色	这鼻涕实际就是脓液，呈黄或绿色，特别粘稠而有臭味	13:15
1978-39-18	绿色	当田径选手在曼谷国家体育中心平整的跑道上赛跑，足球队员在好象用梳子梳过的绿色草坪上飞脚射门的时候，你可曾知道为了准备好这些场地，泰国工作人员付出多么繁重的劳动么	36:38
2000-80-18	绿色	塔里木河下游生长着一条重要的条状植被带，被称为绿色走廊，对防风、固沙、维护生态环境和保护其中的218国道起着重要作用	23:25
1987-67-18	绿色	谁曾想到，今天的兰考，竟是绿色的兰考——焦裕禄同志生前梦寐以求的境界	13:15
1988-95-18	绿色	在江北匆匆的旅次中，我有幸享受了土地主人的好客，细细品味了这绿色之子的款款心曲	30:32
2000-86-18	绿色	赤峰人民把生态建设作为基本市策，不懈地在茫茫的黄沙上编织着绿色的网格：大规模地建设网状防护林，并在网格里种草种庄稼，发展农牧业	29:31
1959-1-18	绿色	天暖时经过三天到四天，天冷时十天到十五天，培养液即呈现绿色；待颜色变成深绿时，使其沉淀，除去上面的清水，小球藻就培养成功了	27:29
1975-20-18	绿色	从机窗俯瞰大地，林海万顷，白色、绿色、棕黄色的建筑物，掩映在高大参天、挺拔多姿的棕榈树丛之间	16:18
1970-34-18	绿色	当敌人发动攻击时，两颗绿色信号弹，分别从朝中人民部队的阵地上同时升起，朝中人民部队象两把锋利的钢刀，一起杀向敌人，只一个小时，就把这批美国强盗全部消灭了	11:13
1964-45-18	绿色	如今，这条绵延十数里宽展几百米的林带，枝繁叶茂，葱茏蓊郁，它和整个桑干河林带连结在一起，像一条绿色的长墙，从西南到东北拱卫着臧寨的全部农田，固定了河岸和流沙，挡住了顺河而来的西南风	47:49
1955-11-18	绿色	场内溪水缓流，野草长到一尺左右，一幢幢洁白的种羊舍、电气剪毛室点缀在绿色的草原上，这便是青海省著名的国营青海湖三角城羊场	34:36
1956-25-18	绿色	关于上面说到的那些火星两极的冰雪、绿色的“海”、巨大的“运河”、以至于“火星人”来的电报等等这些令人神往的东西，到底是不是真有	17:19
2002-69-18	绿色	在新的历史时期，要实现巴中发展新跨越，必须以跨越发展为主题，以增收致富为目标，突出重点，找准经济发展的突破口，扎实做好“三篇文章”，突出开发绿色经济、民营经济和旅游经济，带动和促进经济社会全面发展	70:72
1991-93-18	绿色	一位军人的绿色恋歌从这里传向四方……	5:7
1998-56-18	绿色	清华“绿色大学”工程启动	3:5
1964-18-18	绿色	半个月以后，棉田里的绿色又成垅成行了	10:12
1960-17-18	绿色	例如，被称为“绿色魔鬼”的联合果品公司，在中南美八个国家就占有土地二百五十万公顷，在一些国家内成为“国中之国”	7:9
1973-33-18	绿色	她象塞北地区的青年妇女们一样，也喜欢穿崭绿的外衣，围绿色的头巾，尽管黄沙遮天，总也掩不住她们在大地上展示的茸茸绿意，那代表了一片生机的春天的颜色	26:28
1962-31-18	绿色	那纵横交错的大小渠道，像几条银色的水带，飘拂在这绿色的无边的田野上，在夕阳的辉映下，闪闪发光，美丽极了	24:26
1989-68-18	绿色	一到这里，一切烦恼都被这绿色灵气溶化了	12:14
1957-26-18	绿色	白麻茎绿色株高三尺（市尺、以下同）至七尺半，分枝很多	3:5
1997-87-18	绿色	板山坪镇农民楚德龙、靳德峰顺应广大消费者“崇尚自然，回归自然”的饮食潮流，１９９６年办起了山野菜绿色食品厂，年产山野菜罐头２００万瓶、袋装山野菜１５０万袋	48:50
1955-30-18	绿色	这是一幢带有四个铁轮的绿色房屋，可随时流动，有三间房子那样大，设有十四个床铺，还设有办公桌、放零用品和文件的立柜、自带电瓶，夜间还有电灯照明	11:13
2002-97-18	绿色	如今，“左公柳”的精神在发扬光大，驻新疆的人民子弟兵响应江泽民主席“再造一个山川秀美的大西北”的号召，在戈壁大漠上挖土填石，建造绿色屏障	64:66
1998-72-18	绿色	据介绍，国家将首先对三大类产品开展认证工作：一是绿色照明产品，二是家用电器，三是工业耗能产品	24:26
1980-91-18	绿色	可是，绿色的金子，你见过吗	3:5
1959-13-18	绿色	这样，京包线像一条绿色的披带绕过怀安全境，铁路两旁栽上高大的乔木，紧紧挨着的园林地带，将有一望无际的苹果树、沙果树成长起来	9:11
1997-60-18	绿色	本报讯经新闻出版署批准，《中国林业报》将于明年更名为《中国绿色时报》	29:31
1959-4-33	起步	在市委工业会议的前后，大大小小的工厂和成千上万的工人，已经起步跳了	29:31
1985-53-33	起步	他们认识到，在农业方面，吉林省这几年虽然粮食增产幅度较大，农业产值和农民收入增长较快，但是，饲料、食品加工工业刚刚起步，粮食自我消化能力差；农业结构不够合理，牧业发展慢，乡镇企业较落后，所占农村经济比重低于全国平均水平	57:59
2003-79-33	起步	尽管民办教育发展迅速，但毕竟还处于起步阶段	17:19
1971-32-33	起步	为此，我们群策群力，提出了一系列具体措施：防止轮胎打滑，就在轮胎上套上粗链条，在打滑的路面上撒碎石片；防止大车自动滑出路面，就采取慢起步、勤刹车、挂低速档的驾驶方案，把冲力减到最小程度，控制大车一步步向前移；准备好大道木，万一刹车控制不住，就可以用来堵住轮胎；车子尽量靠山开，如果出现轮胎“撒野”，就“宁可傍山靠，不可离山滑”	66:68
1964-37-33	起步	此外，由于要经常起步、转弯、倒退以及跨越田埂，拖拉机各零部件所受的冲击载荷也要比旱地工作时大	8:10
1998-54-33	起步	创维搞VCD起步较晚，但起点很高	6:8
1975-26-33	起步	我们学理论开始解决了一些问题，但改造旧学校还是刚刚起步	25:27
1959-19-33	起步	许多驾驶人员在加油、停车、起步、让车、倒车和上下坡等环节上处处节约油料，已成为习惯	13:15
1993-64-33	起步	当时，农村改革搞了几年，城市改革刚开始，经济特区才起步	25:27
1961-45-33	起步	福建罗源起步公社港头大队党支部副书记、农业科学研究所所长赵裕月，在生产中深入群众、调查研究，做到“地熟、人熟、季节熟、水利熟”，因而，正确地领导了这个队的生产	4:6
1978-14-33	起步	大庆“元旦起步”夺高产	5:7
1992-89-33	起步	只听他慢声细语地说：“我们以前靠小农具起步，但企业要发展，‘拳头’产品的突破点在哪里呢	19:21
1986-94-33	起步	另一方面严肃文学从过去的拘谨、偏狭、窒息的胡同里走出来，到空间宽阔的广场，正在舒展身躯，起步旋舞，或摆姿式，或迈探索小步	44:46
1979-72-33	起步	求“似”是起步，但决不是终点	5:7
1972-38-33	起步	至于自己，只不过是在革命征途中新的起点上刚刚起步	22:24
1959-24-33	起步	广州造纸厂起步起得好措施抓得早	5:7
1989-75-33	起步	黄岛新经济区的开发也是从港口建设起步的，而且已经显示出经济效益	16:18
1994-60-33	起步	关于两国经贸关系，江泽民说：“经贸关系是两国关系中的重要组成部分，也可以说是两国政治关系的物质基础，中爱两国进行直接贸易时间虽然不长，但起步不错	68:70
1960-0-33	起步	所谓“能洋则洋，不能洋则土”，是说在洋设备不足的情况下，不能等待，要从“土”起步，并不是说用上土设备——简易机具，就可以“到此止步”	38:40
1990-88-33	起步	记者陈健报道：国务委员陈俊生今日在此间指出，海南开发应从打基础入手，首先应从农业起步	40:42
1971-21-33	起步	他想到，开车起步，脚要踩到油门上；带兵打仗，思想工作要做到战士的心坎上	6:8
1997-63-33	起步	海关的改革是从旅检开始的，而旅检改革又是从罗湖起步的	23:25
1978-31-33	起步	为了夺取今年开门红，上海工业交通部门各局、公司和工厂，普遍提出了起步就抓紧、步步要跃进的目标和措施	32:34
1989-86-33	起步	大多数地区仍属传统型农业，现代农业科学技术的推广应用从总体看，还刚刚起步，而科学技术在增产中的作用大体为２０—３０％，这方面的潜力还很大	34:36
1986-98-33	起步	这些乡镇企业起步早、发展快，经济结构以乡（镇）村两级集体企业为主，产业多以利润较高的机械、电子、化工、轻纺行业为主	6:8
1978-8-33	起步	这样就会使我们少走弯路，起步高一点，速度快一点	12:14
1973-42-33	起步	他们总结出了勤检查、勤保养，坚持三十公里小检查，七十公里大检查，有了毛病不过夜；起步要稳，换挡要勤；坚持中速行驶，不开“英雄车”，不开凑合车等经验	40:42
1971-15-33	起步	指挥部党委总结推广了完井大队的经验，在所属各单位普遍举办“起步”学习班，通过广大职工的酝酿讨论，整个钻井指挥部的年度计划很快落实下来了	29:31
1958-18-33	起步	新华社记者徐中尼报道：上海工业部门一百万职工在第二个五年计划的赛跑起点上，起步极快，冲劲十分猛烈	37:39
2001-83-33	起步	不可否认，在目前中国电视娱乐节目刚刚起步的阶段，学习借鉴港台和外国的一些节目样式无可厚非，但是一味模仿，不思创新却只能走入死胡同	18:20
1978-35-33	起步	在新年起步的战斗中，鞍钢各级领导干部干在先，冲在前，起了带头人的作用	3:5
1986-61-33	起步	豫东平原造林是从营造防风固沙林起步的，逐渐发展到一个村、一个乡地营造农田林网，各县相继涌现出一批农田林网搞得比较好，生态效益显著的好典型	15:17
1988-67-33	起步	老实说，中国的现代化现在仍处于起步的阶段，中国人远没有西方发达国家的人们所有的那种高度紧张的生活节律所造成的压迫感	15:17
1991-51-33	起步	由于各种客观的因素，大多数乡镇企业起步于较低的水平，这是可以理解的，也不应横加指责	17:19
2001-70-33	起步	虽然我国的民间环保工作起步较晚，但是近10年发展迅猛	11:13
1961-27-33	起步	机子老，零件磨损大，配件多，起步停步就慢，运转正常了再加速	14:16
1961-13-33	起步	二十日的表演会上，演唱了船上起帆、拉帆和码头上装卸货物时拔仓（货物从船舱里取出来）、搭肩、起步、扛棒等三十多种“号子”，其中又有苏北、山东、湖北等十多个帮别，曲调多样，风格各异	45:47
1997-57-33	起步	仪化集团公司从单一的聚酯业起步，经过了三期工程建设，到１９９５年规模扩大到８０万吨，产品在行业占主导地位	13:15
1990-78-33	起步	四川的广汉、温江、仁寿、大竹、合川、叙永等县（市）在这方面已经起步，并取得了初步成效	31:33
1961-43-33	起步	十二年来，他驾驶的汽车一共经过一百多万个交叉路口，转过了五六十万个大小弯子，经过了难以计数的停站、起步和交会车	49:51
1972-47-20	软	镰刀没淬火，齿是软的，割不到两天稻子就不好用了，怎么办呢	8:9
1990-88-20	软	金牌指标是实打实的，而群体指标是软的	16:17
1964-41-20	软	有这样的一首口诀诗：“老龙背，真是险；半径小，路基软；超速行车不安全；提前下闸把速减，六十以下（指车速在每小时六十公里以下）才保险	25:26
1959-9-20	软	在饲料上做到多样化，精粗配合，干硬的粮食就煮软或用水泡发芽后再喂	22:23
1975-17-20	软	此外，墨西哥、委内瑞拉、萨尔瓦多和哥斯达黎加建立了软咖啡多国联营公司，中美洲和加勒比一些国家组成了加勒比地区多国海运公司，这些都有利于拉美国家反抗国际垄断资本控制的跨国公司的掠夺	25:26
1975-22-20	软	青岛钢厂的领导班子，原来由于路线不够端正，群众尖锐地批评他们是一个软班子、散班子	33:34
1995-83-20	软	１９９２年，国家科委组织专家对“８６３计划”进行评估，同时又组织力量进行新一步的软课题研究，探讨新的发展问题	40:41
1995-78-20	软	有一次他梦里得到一双白色鞋，如云般轻，如雪般白，如棉般软，好舒适、好漂亮	27:28
1984-82-20	软	这批方便食品包括：香菇猪肉蛋白、蛋炒米饭、蕃茄汁黄豆、海带肉丸子等，全部采用软罐头包装，热水浸泡即可食用，而且售价低廉	38:39
1962-10-20	软	因此一般不用车拉，只由人抱或草筐（软）担，而且要轻拿轻放，不让瓜受伤	17:18
1985-79-20	软	县检察院没有被这些软招术所动，认为王旭忠等人的行为已触犯了刑法，理应受到法律制裁	9:10
1958-49-20	软	水利专业二年级学生王阿民，下乡初期动辄要雇毛驴代步，可是在劳动人民向自然斗争的艰苦精神感召下，不但不再雇毛驴还亲手制成柳木扁担，为体弱的同学担行李，他在扁担上写道：“扁担软又软，担上行李卷，日行千里路，不苦还觉甜	85:86
1996-66-20	软	软林业的大作为——山区林业综合开发的多元选择	0:1
1999-75-20	软	但应该看到，发行工作中也出现了一些抓党报党刊发行软的新问题	24:25
1990-93-20	软	并且，女大夫王玉敏心更软，经常问病人能不能报销	11:12
1961-23-20	软	我们来个“雷公打豆腐”——专拣软的欺，到江西的遂川去活动	15:16
1997-81-20	软	世界银行五月二十七日宣布，将向中国第四个基础教育项目提供八千五百万美元软贷款，旨在帮助中国提高贫困和少数民族地区基础教育水平，以实现普及初等教育，扩大初级中等教育的目标	35:36
1994-90-20	软	国民经济周期性波动的一个重要原因，是固定资产投资的“软约束竞争”	26:27
1994-62-20	软	１９８４年８月１４日，第一个电缆产品——橡套软电缆在这里诞生了	22:23
1977-21-20	软	我说：“管它怎么讲，反正批资本主义不会错，整顿领导班子不犯罪，改造‘软、散、懒’班子完全对，不抓这些工作，我们还叫什么学大寨	34:35
1998-65-20	软	谈到下一阶段防汛工作和今后水利建设，钮茂生强调说，目前长江和洞庭湖特大洪峰虽过，但汛期洪水位仍居高不下，退水时极易发生溃垸垮堤，因此要进一步提高警惕，克服人乏堤软、物资消耗殆尽等困难，坚决死守死保，坚持就是胜利，绝不能前功尽弃，功亏一篑	80:81
1964-19-20	软	一手是硬的，一手是软的	9:10
1986-55-20	软	能写会画等等，看得见，不妨谓之“硬才能”；“治国平天下”的抱负等才能，是需要经过锻炼的，在未见人民安居乐业，国家繁荣昌盛的历史检验之前，是看不见，摸不着的，不妨谓之“软”才能	83:84
1957-48-20	软	英勇的民工便把这些湖港的积水排干，用松木编成簰，把又稀又软的淤泥“压”住，然后再在上面筑堤	28:29
1966-43-20	软	政治是不是“空”的、“软”的呢	11:12
1958-26-20	软	襄沁县虎亭乡对幼儿吃食方面，经常注意检查食物是否稀、软、新鲜、可口；在住宿和用具上，经常督促管理人员搞好清洁卫生	26:27
1977-14-20	软	“四人帮”在江苏的代理人见造谣中伤没能压垮周阿庆，又使出软的一招	28:29
1960-5-20	软	为了一个烟台，而抛弃“盟邦”、“友谊”的旗号，对他们未必是合算的，所以我们的“硬”也可能导致美军的“软”	50:51
1962-31-20	软	经验日积月累，熟能生巧，他的手就像一杆秤似的，对全部是硬的或是软的糖果一抓便是四两，相差很少超过一粒	31:32
2003-63-20	软	按照“廉政账户”的最初设想，有关部门是想给那些收受了少量钱财想退又不好退的干部一个“软处理”的机会	42:43
1966-44-20	软	在又饥又累的情况下，大家的腿都软了，走不动了，就坐了一段路的车子	15:16
1958-35-20	软	从左到右：1、切片机粉碎板皮、枝桠等原料；2、用冷碱法将碎片进行软处理；3、用石碾分离纤维；4、把纤维浆搅拌均匀；5、把纤维浆倒入成型模成型并预压；6、把成型好的湿板送到热压机上热压；7、合乎规格的纤维板制成了	32:33
1981-59-20	软	但是，随着沼气建设的发展，沼气用具供不应求，如沼气灯、沼气炉具、软塑料管、四通管、开关等，常常买不到	32:33
1962-34-20	软	“老师，”欢欢站了起来，冲口问道：“鸡蛋在母鸡肚子里的时候，是硬的还是软的	35:36
1964-29-20	软	并且做到轻装简行，演出用的布景、道具，在不影响演出质量的前提下，尽可能轻便，如搞软画景，“万能景”和就地借用道具等办法	40:41
2000-94-20	软	从发展趋势看，国际关系中软国力的竞争在新世纪里将长期延续下去，在竞争中既互相借鉴又会不断产生摩擦、碰撞，甚至冲突，但因时代条件的制约，这种冲突是有限和局部的，不会引起世界性的全面冲突	12:13
1989-85-20	软	邓小平说，殖民地的人，当久了，骨头就软了	18:19
1989-73-20	软	“科技”还包括软科学、软技术	7:8
1984-67-20	软	目前，上海邮电系统已拥有各类电子计算机一百多台，应用于通信、自动控制、信息处理、技术改造、企业管理等八十多个项目；从事计算机软、硬件应用和管理工作的技术人员已发展到三百多人	62:63
1979-99-20	软	当苏联把SS—20导弹对准西欧的时候，他们希望撒切尔夫人“软”下来，笑脸相迎	29:30
1994-76-5	输血	成分输血主要有红细胞输注、粒细胞输注、血小板输注以及血浆及其衍生物输注四种	2:4
1960-32-5	输血	”医院院长夜以继日地守护在她身边，同志们争着为她输血	24:26
1998-65-5	输血	1.一次性注射器、输液器、输血器及血袋	13:15
1977-39-5	输血	他把自家的柴禾扛给五保户；他拆下自家的楼板去围队里的仓库；他毅然伸出自己的手臂，输血给病危的阶级姐妹……	40:42
1991-55-5	输血	与此同时，各行各业要求增加工资的呼声不断，农民要求增加补贴，输血受感染者要求巨额赔偿，如此等等，迫使政府投入更多的资金解决棘手的社会问题	30:32
1989-72-5	输血	佩特病和艾滋病一样，也是通过性接触和输血传染，而且至今无医可治，只能采取预防措施	18:20
1961-12-5	输血	手术室里，有的忙着给他做人工呼吸，有的给他输血和测量血压、脉搏，麻醉师不断报告：“血压九十、七十、六十五……，脉搏跳动加快，无力，每分钟一百三十次	21:23
1977-27-5	输血	尤其是绥靖主义者为了各自的利益，竞相在经济上给法西斯德国输血打气，帮助侵略者弥补其弱点，加强了它发动战争的物质条件	28:30
1963-13-5	输血	医生们采取了给氧、输血和补液等急救措施	9:11
1987-79-5	输血	沈阳啤酒厂二十四岁的女工姜秀萍五年前确诊后，各方治疗效果不佳，只得靠输血维持生命，共输血二万八千毫升	34:36
1970-47-5	输血	美帝给走狗“输血打气”决不能挽救它们彻底灭亡的命运	6:8
1988-95-5	输血	血库中B型血较少，他们立即调集B型输血者卡片，以便随时采血	17:19
1960-6-5	输血	一个月后，谢平伤愈出院的时候，李玉子胸部被美机炸伤，也是谢平自动输血给了她新的生命	32:34
1975-9-5	输血	他的手被夹具划伤，缝了六针，仍坚持不下“火线”；为了抢救阶级兄弟他参加了输血，从医院奔回车间又继续干活	36:38
1996-85-5	输血	政策倾斜加大投入强化管理北京为薄弱学校“输血”	20:22
1978-45-5	输血	以色列犹太复国主义所以如此顽固反动，就是由于超级大国明里或暗里支持和怂恿它，从人力上、物质上为它输血打气	48:50
2000-73-5	输血	有时术前还可作特异性供体输血或特异性的骨髓输法等供体免疫学处理，试图诱导免疫耐受，从而减少术后排斥反应发生率和降低排斥反应强度	12:14
1994-93-5	输血	唐县农行为重点企业输血	9:11
1969-11-5	输血	医院没有血库，附近工地的二百多名筑路工人闻讯赶到现场，争着要给张秀秀输血	34:36
1989-82-5	输血	国家对铁路的这种“输血”、“补血”政策，完全符合铁路与国民经济发展的规律	9:11
1961-22-5	输血	工厂的工人在自动地加班加点，市民为支援战争而志愿输血	24:26
1998-97-5	输血	刘贤木对记者说，贫穷不可怕，可怕的是他发现由于历史、自然等种种因素的制约，人们的意识也被重重大山包围了，看不见自我创造的能力，看不见山的优势，许多干部群众依旧停留在民族地区依靠计划经济体制下“上面输血”的思维定式，等、靠、要	98:100
1999-96-5	输血	同法比尤斯一起接受共和国特别法庭审理的前社会事务部长迪富瓦夫人也被宣布无罪释放，前卫生事务国务秘书埃尔韦则被判定在两起输血感染艾滋病的案件中负有罪责，但是免予刑事处罚	59:61
1973-38-5	输血	他向医务人员作了简短有力的政治动员以后，便和县委常委委员张伟分头拿起电话，四处联系，组织输血人员	44:46
1979-94-5	输血	苏联国际扩张主义竭力为越南输血打气，这只能解决它一时的困难，从人民战争的持久战观点来看，越南敌人最终还是要失败的	13:15
1999-71-5	输血	沉重的是，血本是生命之源，输血是为了救死扶伤，何以加速了无辜者的死亡	13:15
1963-19-5	输血	相反地，它所采取的扩大政府开支、特别是军费开支来给经济“输血”的做法，进一步加剧了美国经济所固有的矛盾，并且使财政危机和信用危机更加逼近	28:30
1986-83-5	输血	人造血液和正常人血液一样，用于输血、创伤性失血抢救、缺血性脑血管治疗和脏器灌流保存等方面	15:17
1968-23-5	输血	我们很快找到了血不出不进的原因，大胆采用另一种办法，解决了输血输液问题	29:31
1991-84-5	输血	一个“卖”字给输血事业埋下了危机：一方面，挣钱的渴望驱使部分卖血者采取种种手段卖血，导致血液质量下降；另一方面，随着社会经济的发展、人民生活水平的提高，个体卖血者必然减少，引起血源萎缩、用血紧张	7:9
2001-64-5	输血	俄罗斯普通百姓普遍希望全球化能带给俄罗斯摆脱经济困难的机遇，渴望着西方资金的“输血”，将西方劳动密集型企业转移到这片广袤的国土，促进俄中小企业的发展，创造更多的就业机会，提高人民的生活水平	39:41
1995-80-5	输血	这主要表现在经济上向纳粹输血和拒绝帮助受迫害的犹太人的政策方面	12:14
1967-1-5	输血	正是在这种情况下，苏修集团给印度反动派大量输血，帮助他们维持摇摇欲坠的反动统治	21:23
1985-77-5	输血	爱滋病患者是阿联酋的一位妇女，她在阿布扎比的科奈奇医院接受输血后染上了这种致命的疾病	29:31
1966-10-5	输血	在输血的手术台上，医生没有办法把那些献过血的同志打发走	1:3
1964-44-5	输血	当年在这儿，正在怀孕的周景明仍然热情地要求为吐了大量鲜血的越南病人输血；为了把自己的血分给越南病人的谢慧，在四个月之中体重竟减轻了十公斤；袁大夫、徐大夫、农大夫……一年四季战斗在病菌充斥的环境里，在他们之中，有人已被传染上与越南病人相同的疾病，韦如端、李宝玉、朱宝红、胡玲……数以百计的中国的兄弟姐妹，曾为我们的健康而高兴，而担忧，而欢腾，而落泪	33:35
1958-25-5	输血	外三科要求血库供给四千毫升的全血，血库医生马上通知了输血团的团员	26:28
2001-89-5	输血	“9·11”事件后，布什政府经国会批准已经动用了紧急拨款400亿美元，并向航空、保险业“输血”150亿美元	44:46
1975-14-5	输血	据《水浒》百回本所写，宋江受招安后，宋徽宗为了给宋江“尽忠报国”、镇压方腊输血打气，曾先后四次赠名马给宋江本人	37:39
1976-16-5	输血	歌剧中有个细节特别感人：在五台山山麓，娟玉把自己的鲜血输给病危的明浩后，想到应该给明浩熬点米汤喝，于是她不顾自己输血后身体的极度虚弱，更深夜静，立即又起身冒险摸下山去，找来粮食，马上为战友们淘米做饭	56:58
2003-59-27	退役	从去年盐湖城冬奥会获得第七名后，中国女子冰球队进入新老交替，一些老队员退役和到国外打球，新组建的中国队以年轻队员为主，今年亚冬会的成绩不太理想	35:37
1992-53-27	退役	据新华社利马11月14日电（记者潘国俊）据此间新闻媒介今天透露，参与13日凌晨未遂政变的远不止3名秘鲁退役将军和数名校级军官	51:53
2001-72-27	退役	通知指出，对返回农村的退役士兵，要继续按照民政部、总政治部关于《培养和开发使用军地两用人才发展规划》的要求，结合当地实际，采取可行措施，推动开发和使用工作向纵深发展	11:13
1963-35-27	退役	原籍大陆的蒋匪军退役官兵生活悲惨	8:10
1963-45-27	退役	除了寄给家用一些外，其余都存入银行，准备退役时作结婚费用	20:22
1970-40-27	退役	退役时，他又把这个用麻袋片做成的枕头，留在班里，嘱咐战友们永远保持劳动人民的本色，为保卫毛主席，保卫无产阶级专政立新功	0:2
1958-14-27	退役	有些部队还把退役军马无偿地送给了农业社或国营农场，仅兰州部队就送出三千一百七十八匹	6:8
1999-96-27	退役	她于去年六月退役，成为观众熟悉的体育评论员	6:8
1995-51-27	退役	这次男篮锦标赛，各队都派出了一些新手，一方面是锻炼队伍，另一方面也是由于老队员伤病或退役，队伍青黄不接，排兵布阵捉襟见肘所致	42:44
1963-34-27	退役	巴西《幽默报》社长阿帕里西奥·托雷利，退役空军少将费利贝·方西嘉夫妇，著名作家格拉济利安诺·拉莫斯夫人，以及律师劳尔·林斯·伊·席尔瓦夫妇等，应中国拉丁美洲友好协会的邀请，今天乘飞机到达北京	19:21
1960-5-27	退役	目前在马丁飞机公司董事会中任职的有1947—1949年担任海军部长的沙利文以及退役高级将领多名	39:41
2001-82-27	退役	地方各级人民政府、各有关部门要认真学习贯彻江泽民同志“三个代表”重要思想，认真贯彻执行国家有关安置工作的政策法规，通过安置就业、自谋职业、扶持就业等安置办法，确保2001年冬季退役士兵得到妥善安置	88:90
1961-44-27	退役	注历年大牲畜头数均为年底存圈数，不包括出售、疫病死亡和退役淘汰数	27:29
2000-69-27	退役	1997年八运会后，周小菁退役成为北京体育大学的学生，但随即复出备战曼谷亚运会，之后继续念书	13:15
1966-43-27	退役	有的连队则决定把葡萄干送给即将退役的老战士，让他们把人民的爱戴和希望，让战海啸的精神，带到天山脚下，戈壁滩上，带到华北平原、大江南北，带到祖国各地，传遍全国，发扬光大……	15:17
1977-25-27	退役	方案规定：我军退役干部一般转到地方工作，按地方的同等级别工资待遇	7:9
1987-77-27	退役	一位退役的老女排队员在与一位朋友谈心时说：“我太留恋女排生活了，现在我更加体会到当面说不足，背后说好话，才是真正关心人、爱护人	2:4
1970-46-27	退役	学船舶主机的学生，只了解外国陈旧退役舰船主机的构造与性能；学船体制造的学生，只能根据陈旧的原理公式进行设计制造	16:18
1960-29-27	退役	被人民解放军俘获和向人民解放军投诚的蒋军官兵揭露：蒋介石军队中的广大官兵不愿为美蒋当炮灰，“官想退役，兵无斗志”的悲观厌战情绪笼罩各个兵营	48:50
1990-95-27	退役	她说，袭击退役将军古斯塔沃·利是对他积极参加一九七三年推翻阿连德政府的军事政变并下令攻打总统府的“惩罚”	5:7
2003-63-27	退役	上海十六铺——百年老码头宣告退役（图片）	14:16
1965-6-27	退役	尽管它最近采取了租用商船、从大西洋方面调拨舰只、启用后备船只及退役船只等应急措施，但仍然没有能克服它的“船运危机”	31:33
1959-10-27	退役	蒋军最近还举行了一项所谓“不预告动员演习”，并且胁迫已经复员和转业的蒋军退役官兵参加	36:38
1988-98-27	退役	现役军官退役的，其军衔予以保留，在其军衔前冠以“退役”	4:6
1963-23-27	退役	十一月十五日，陈毅副总理接见巴西著名社会活动家冈萨加·莱特将军（左三）和夫人（左四）、巴西退役空军少将费利贝·方西嘉（左一）和夫人（左五），同他们进行了亲切友好的谈话	45:47
1965-21-27	退役	虽则他自己对退役的问题也不是一点没考虑过，他曾经想过：这几年身体不太好，晕船也厉害，做工作困难比以前多些	6:8
1999-70-27	退役	反对党工党主席巴拉克和刚退役的前国防军总参谋长沙哈克等也已宣布参加总理竞选	12:14
1997-62-27	退役	球员的来源大致有两类：一类是各级专业队的退役选手；另一类是未被专业队相中、来自高中或业余体校的特招生	20:22
1965-0-27	退役	服役期满时，王行志虽然想到退役对家庭方便些，但是他根据革命的需要继续留在部队工作	13:15
1996-61-27	退役	８月２０日，拥有２４个转发器、价值１．２８亿美元，由美国休斯公司制造的地球同步通信卫星——中星７号，将使用长征火箭发射入轨，以接替即将退役的中星５号继续为国内客户提供电视、电讯信号转播服务	67:69
1983-52-27	退役	但世界纪录保持者、三十一岁的意大利老将门内阿在“退役”后又神秘地复出了，并且已跑出20秒29的好成绩	24:26
1978-33-27	退役	徐向前副总理同西德三位退役将军进行了友好的谈话	11:13
1991-54-27	退役	李玲蔚、韩爱平等中国的世界名将们一个个都退役了，这个来自湖南的妹子唐九红自感身上担子沉重	20:22
1999-55-27	退役	这无疑是解决目前我们大量退役运动员“积压”的一个很好的办法	12:14
1955-4-27	退役	”按照这一规定，党政部门、人民团体、公私企业和学校中的工作人员，从年满十八岁到年满退役年龄时为止，都有服兵役的义务	41:43
2001-89-27	退役	九运会一结束，巫丹、吴咏梅、孙玥、殷茵、何琦等22员大将纷纷转往国外俱乐部打球，而许新、李云武等6名老将也宣布退役	55:57
1955-42-27	退役	此外，还将有四十多名约旦军官宣布“退役”	17:19
1977-28-27	退役	事情的内幕是：我军领导机关当时正在举行一个重要会议，会上通过了安排退役干部的方案	33:35
1984-87-27	退役	这次来华的运动员虽然都是退役的美国篮球明星，平均年龄达三十六岁，但雄风犹在	12:14
1993-88-27	退役	退役后，她曾执教原苏联国家田径队	0:2
1981-66-6	透明	目前市场上供应的菜籽油大多是毛油，色泽较暗，烧菜时油烟较大，但精炼后，色泽透明，呈浅黄色	37:39
1959-37-6	透明	透明的“鉴湖”的水，出奇的西湖的雨，笔墨达到了高度的洗练	0:2
2002-79-6	透明	这种“透明”测控模式指挥便利、程序简明，取代了传统的分级操作测控模式，强化了测控中心对载人飞船的集中监控能力，特别是提高了测控中心在应急情况下的测控能力	3:5
1995-95-6	透明	一片透明的金黄，使眼前突然一亮，心里竟有着了悟的豁朗：一叶一菩提	2:4
1985-69-6	透明	在出酒时，选用名叫悬钩子的植物叶子过滤，使酒成为翡翠般的颜色，透明、清香，格外爽口，称其为翡翠酒，真是名实相符	31:33
1957-42-6	透明	从老师的谈话里，知道他早年对旧体诗、各家印谱、法书名画等都下过相当大的刻苦钻研的功夫，并曾对古代名画进行过油素临摹，所谓油素，就是上过桐油的薄纸，透明而不渗墨	73:75
1982-55-6	透明	班透明的夜，给多少家庭送去甜美的梦你推着自行车在梦的边缘擦过在树摇晃的脊背上灯桅举着手中的花一路挥动送你到工厂门口你再也不会站着睡去潜入夜的海底为采撷生活的珍珠你看见了霞光里孩子背着装满阳光的书包一路蹦跳唱着歌	1:3
1962-43-6	透明	合肥塑料厂的人员在上海着重学习了增加塑料制品品种方面的经验，然后根据本厂的技术设备条件，先试制塑料雨鞋、塑料凉鞋和三色透明塑料皮带三种产品	59:61
1999-78-6	透明	这喝彩主要是，为所有以法律为依据敢于讨回公道的小人物而喝彩，为法律意识、法律观念的深入人心而喝彩，为民众依法保护个人利益意识的觉醒而喝彩，还要为司法的日渐公开、日渐透明而喝彩	82:84
2000-89-6	透明	首先，从商业银行自身的角度来看，必须明确经营目标；建立严格且透明的财务会计体系和绩效考核体系；改革信贷体制并校正信贷文化，改变大规模产生不良资产的状况；改变机关式的人事干部体制和薄弱的激励机制；全面加强和完善内部控制；引入外部审计以增加对公众的透明度，等等	30:32
1957-15-6	透明	笔杆的中部是双层的透明管，笔内墨水有没有用完，一望便知	9:11
1959-40-6	透明	”不久，随着全部机械化的系统实现，那时，体力劳动不只将大大减轻，而且透明的酒液将像一股银水一样不分昼夜地流……	34:36
1961-32-6	透明	电子光学变像器用固态的组成成分深入地贯穿到不透明的材料中，变不可见的辐射为可见，并感受强度很小的光	22:24
2003-81-6	透明	开春时节，我们到此走访，踏足禅城、南海、顺德等城镇乡村，最大的感受是，电子政务的率先启动为这座古老的城市带来了勃勃生机——从政府提速、透明行政到为老百姓办事的便捷，一个扁平高效的网上政府正对实际生活产生着深远影响	67:69
1965-20-6	透明	”格龙向美国佬走去，他瞟了一眼脚下奔流着的山泉，那山泉象他的心地一样清澈，透明	37:39
1981-76-6	透明	船渐渐驶入深海区，海水碧蓝碧蓝，蓝得象透明的宝石	19:21
1980-99-6	透明	重晶石是一种矿物，无色透明，广泛用于石油、化工、橡胶、陶瓷、无线电等工业，也可用来提炼金属钡	11:13
1961-2-6	透明	将来透明塑料等在建筑中的运用，可能还会导致窗和墙的同化呢	2:4
1956-6-6	透明	大连市场内的活鱼商店，柜台就是一个透明的大养鱼池，池里养着从天津运来的大鲤鱼、黄鳝鱼和金州等地运来的活鲫鱼、甲鱼、鲇鱼等	17:19
1960-1-6	透明	利用这些纱，瓦纺已织出了一百支高级透明布和一百二十支高级府绸，一百二十支精梳、丝光、烧毛高级轴线	17:19
1958-25-6	透明	”原来就是冰灯透明铮亮，一盏冰灯比一百烛的电灯还闪眼	7:9
1988-80-6	透明	它可以迅速吸收比自身重百倍乃至千倍的水份，吸水后膨胀为透明凝胶体，即使在压力条件下水份也不容易流失，但在干燥条件下却能慢慢释放，在农业、林业、轻工业和卫生医药行业都有广阔的应用前景	27:29
1956-11-6	透明	冰山有的是蓝色的，它的奇异的外形好比一座稀疏的村落；有的是洁白的，很像一个透明的雪亮的大烛台；有的顶上是浅绿色的，仿佛是人穿上了短短的外套一般	37:39
2003-73-6	透明	”共产党人也要有水的特性：清澈透明，为人民谋福利，在权力和利益面前做到“不争”	15:17
1999-98-6	透明	通明的灯火将透明的巴黎巴大楼照得分外耀眼	6:8
1994-51-6	透明	它可将激光打印原稿纸或书写纸通过透明处理后替代传统的软片，直接晒制ＰＳ版，从而简化了制版工艺及相关设备（可以省去激光照排机及软片显影机），制版费用大大降低，所晒制的ＰＳ版效果能再现原稿水平，特别适合快速轻印刷胶印的需要，该技术在国际国内尚属首创	16:18
1960-41-6	透明	是呵，是呵，千百代农奴用滚烫的血，透明的汗浇灌起来的土地，今天终于回到这第一代自由人的手里了	17:19
1958-12-6	透明	他还说，在不久的将来，我的眼睛可能看不到社会主义建设总路线的光辉，可是我的心已被总路线的光辉照得透明，我要更加愉快地工作下去，做一个永不残废的人	48:50
2002-97-6	透明	为使各项制度更加公开透明，该市投资1000多万元“实施电子政府、建设数字邯郸”，推动办公自动化应用，在政务工作网建立了审批档案，开通了视频会议系统、市长公开电话网络在市直机关、108个市直部门及19个县（市）区互联互通	10:12
2002-70-6	透明	你会觉得自己渐渐透明起来	8:10
2003-67-6	透明	四川自贡日报社傅仕彬、杨眉同志的《自贡市政府信访下乡流动服务站——直面民情解民忧》和河南淅川县张福振同志的《赈济透明才能公道》，分别介绍了解决农村信访问题的一种新工作模式	56:58
2000-63-6	透明	这种分权不是削弱委员会的职能，相反，而是使其更加坚强有力、“民主、透明和享有公民信任”	33:35
1957-46-6	透明	在化学工业产品方面，有做油漆和塑料用的硝化棉、有硝化棉漆布、有聚氯乙稀漆布（即现在市场上卖的由国外进口的透明桌布、窗帘等），有建筑上用的可以代替木地板的美观的人造胶板，有制造阿斯匹灵用的水扬酸等等，这些产品都可以大量生产	52:54
1958-31-6	透明	例如铁、铜、锡，这些对象适合于生产上的某种用途，它们具有一些共同的性质：刚硬，不透明，可溶解，有光泽	40:42
1961-3-6	透明	可是，现在坐在我们面前的茨旺班错，看起来却是一个这么平凡的姑娘，瘦小，年青，一双乌黑而透明的大眼里闪耀着纯真的稚气	43:45
1957-19-6	透明	白天，在这些新村里面，在托儿所里，在学校里，都充满着人们幸福的欢笑；而晚上当电灯把这些新村照得透明雪亮的时候，从每一家窗户里都闪射着欢乐的光辉啊	47:49
2002-56-6	透明	吉林地税选人用人公开透明	10:12
1963-9-6	透明	中村琢二用单纯的构图，轻淡透明的色彩，极其简练的手法，描绘了生活在内海、驾驶着木船轻捷前进的劳动妇女的形象	13:15
1961-30-6	透明	杂志指出，这种白血鱼是在南极海洋中发现的，它的重大特点就是：血液几乎像清水一样地透明	40:42
1996-91-6	透明	一些国家建议，在甄选秘书长时应加强联大的作用，使甄选工作更加透明；安理会常任理事国在甄选秘书长过程中不能使用否决权；可考虑成立由大会和安理会共同组成推荐人选委员会，并对秘书长的任期等进行改革	30:32
1991-64-34	飞越	然而美国、巴西等国的科学家发现，若没有大量富含营养物质的尘埃从非洲飞越大西洋，大部分亚马孙地区只会有草原而不会有森林	33:35
1959-23-34	飞越	十年前，我和我的伙伴一道在故乡参军，我到军分区政治部工作，他去教导队受训；后来，我们又一道随地方部队上升主力，闯出闽江，飞越黄河	60:62
1972-26-34	飞越	他还针对美国代表在七月二十八日的发言中提出的一切飞机包括军用飞机自由飞越海峡上空的主张，强调指出：“关于自由通行的建议是出于军事利益的动机，保证军用飞机自由飞越沿海国家海峡领空的建议证实了我们的担心”	34:36
1982-79-34	飞越	在这四分之一的世纪内，空间科技带来了载人的宇宙飞行，人和遥控探测器登上月球，自动探测系统降落火星和金星，飞越火星和土星的空间飞行，可供载人的航天飞机以及环绕地球运行的空间站等	52:54
2001-59-34	飞越	孟加拉国外交部发言人18日宣布，孟看守政府在与主要政党人民党进行紧急磋商后，决定同意美国提出的使用孟军事设施、准许美空军飞越孟领空的要求	60:62
1960-28-34	飞越	声明说：“看来为了竭力获得目前藏在铁幕后的情报，一架没有武装的U—2型飞机大概曾飞越苏联领土”	40:42
1989-93-34	飞越	飞越平原，飞越高山……	0:2
1988-83-34	飞越	飞越海峡的“云雀”——记到大陆演唱的台湾女歌星王秀如	0:2
1984-94-34	飞越	这项命令规定，其他国家在遵守苏联法令的情况下，有权在苏联经济区内航行、飞越、敷设海底电缆和管道	35:37
1963-17-34	飞越	这架飞机被看到在七时飞越加姆沙里，七时三十分飞越波兰松达，七时三十六分飞越尼兰，七时五十分在飞回西藏途中再度飞越加姆沙里	10:12
1997-56-34	飞越	第二次世界大战期间，反法西斯的同盟国为支援中国抗日战争，从１９４２年起开辟了一条飞越喜马拉雅山脉的空中通道，即著名的“驼峰航线”，为中国取得抗战胜利立下了不朽功勋	40:42
1961-2-34	飞越	一家温暖的小客店，接待了这辆披雪破雾、飞越丛山峻岭的重车	19:21
1961-49-34	飞越	这些考察，对于南极地带的天气预报是必要的，目前在南极正在进行着紧张的捕鲸工作，在不久的将来还要开辟飞越南极的洲际航空线	49:51
1964-18-34	飞越	感谢周总理在飞越尼日尔领空时对他的问候	6:8
1976-9-34	飞越	他还说，墨西哥对二百浬海域的经济开发，包括对海洋生物和矿藏的开发实行控制，尽管这一区域对航行和飞越是开放的	47:49
1988-80-34	飞越	九岁女孩驾机飞越加拿大	6:8
1995-84-34	飞越	（二）民用航空器违反本法第七十五条的规定，未按照空中交通管制单位指定的航路和飞行高度飞行，或者违反本法第七十九条的规定飞越城市上空的	59:61
1981-50-34	飞越	拒绝任何飞机从法国任何机场起飞去美国，拒绝飞往美国的飞机飞越法国领空的决定是由法国空中调度人员全国工会作出的	28:30
1960-24-34	飞越	3，从第一阶段一开始直到今后彻底销毁运送核武器的各种工具为止，禁止专门装置进入轨道或留在宇宙空间，禁止能运送大规模毁灭性武器的一切军舰驶出本国领水，禁止能运送大规模毁灭性武器的军用飞机飞越出本国领空	92:94
1956-32-34	飞越	尽管叙利亚政府决定封闭它的机场和禁止所有国家的飞机飞越它的领空，还是发生了这种事件	25:27
1990-57-34	飞越	决议规定，所有国家不得准许在伊拉克或科威特着陆的飞机飞越其领土，除非：一，飞机降落在该国指定的伊、科境外的机场接受检查，保证机上没有违反安理会决议的货物，为此目的，可以将飞机扣留必要的一段时间；二，该次飞行得到安理会制裁委员会核准；三，该次飞行经过联合国证明纯为两伊观察团服务	26:28
1959-7-34	飞越	“跨过三季，飞越全年”“10月超9月，一季顶半年”“把时间老人远远抛在后面”等各种豪言壮语从四方传来，先进人物风起云涌	6:8
1961-15-34	飞越	据塔斯社莫斯科讯：在太平洋中部区域观测苏联火箭下落情况的苏联舰队指挥员说，这次试验的全部火箭，在飞越了一万二千公里以后，都准确地降落到预定地点的水面上	48:50
1992-61-34	飞越	《飞越太平洋》节目于今年1月11日首播，凡星期六，从北京时间23时开始至午夜零时，通过太平洋越洋电话电缆，联接广州与纽约的两台直播室，进行中国广东和美国、加拿大的11个城市同步直播	1:3
1991-65-34	飞越	法国外交部昨晚证实，法国已有条件地允许美国部署在英国的Ｂ—５２飞机飞越自己领空，以便执行轰炸伊拉克的任务	33:35
1966-16-34	飞越	许许多多外国朋友，怀着对毛主席的无限热爱和对毛泽东思想的无限信仰，带着世界各国人民的革命友情，飞越千山万水，渡过大海大洋，不远万里，来到北京，来到伟大领袖毛泽东身边	47:49
1991-52-34	飞越	利纳雷斯说，近日，他同许多巴拿马人一样，亲眼目睹了一架美军南方司令部的直升机在没有得到巴拿马政府许可的情况下飞越巴拿马城上空的事实	54:56
1968-40-34	飞越	卡翁达还谴责南罗得西亚种族主义殖民当局的飞机最近两次飞越赞比西河，在赞比亚境内投掷照明弹，以支援地面部队对非洲游击战士的作战	26:28
1960-29-34	飞越	在飞越苏联领空时，我应在地图上标明的一定的地点上空打开和关闭仪器	1:3
2001-66-34	飞越	连美国学者也认为，由于《联合国海洋法公约》第58条第3款的限制，外国飞机在专属经济区的飞越自由与公海自由原则是不同的	43:45
1994-69-34	飞越	盛夏时可到亚马孙河乘木筏飞越险滩，严冬时则不妨去阿尔卑斯山参加高山滑雪	12:14
1995-72-34	飞越	新华社耶路撒冷２月２１日电（记者怀成波、谢栋风）约旦和以色列今天在以色列港口城市埃拉特就约旦民航班机飞越以色列领空问题达成一项临时协议	50:52
1979-77-34	飞越	他说，两国之间关于飞越喜马拉雅山的航空协定给两国关系开辟了新的境界	9:11
1974-39-34	飞越	在六月到八月举行的海洋法会议上，它起劲地重弹帝国主义所谓“航海自由”的老调，鼓吹“航行自由”、“捕鱼自由”、“飞越自由”等等，对第三世界国家主张的二百浬海洋权先是公开反对，后又采取釜底抽薪的恶劣手段，阉割其实质，对“七十七国集团”的提案百般挑剔和非难，千方百计维护超级大国的海上霸权	55:57
1976-13-34	飞越	这时候，红色电波飞越千山万水，传来伟大领袖毛主席的声音：“知识青年到农村去，接受贫下中农的再教育，很有必要	8:10
1979-68-34	飞越	泰报谴责苏联非法飞越泰国领空向侵柬越军运军火	8:10
1960-8-34	飞越	如断绝同它的外交关系、抵制一切南非商品、不让属于南非公司的飞机飞越它们国家的领空，等等	31:33
1997-86-34	飞越	当天上午，８架美国空军运输机飞越１．３万公里后，飞临哈萨克斯坦南方城市奇姆肯特上空，６００名荷枪实弹的美国大兵从天而降	14:16
1974-48-34	飞越	这些军事目的具体说来有三点：第一，‘自由飞越海峡’；第二，运载核武器的核潜艇享有‘水下自由通过权’；最后，取消关于水面军舰、特别是载有那种可以‘自由飞越’的飞机的军舰通过时必须事先通知或得到许可的任何必要条件	20:22
1956-33-34	飞越	他说：“我几乎不必着重指出这个问题的重要性，这种违反停火的行为的严重性和英国战斗机飞越停火线的情况以及由于这种违反停火行为可能产生的后果的严重性	41:43
2001-67-19	骑车	1980年，他调到动力区检察院工作，每天骑车20公里，往返夜校读法律本科，回到我们13平方米的小屋，还要和孩子挤在一张小桌子上复习功课	20:22
1956-12-19	骑车	例如规定“十公里行军”和“自行车”中必选一项，使没有条件骑车的人只得在烈日下背着沉重的沙袋去行军	28:30
1978-33-19	骑车	当他行至距离县城十多华里时，因道路泥泞，积水一尺多深，没法骑车了，他就索性脱掉鞋袜，扛起自行车，涉水步行赶到了路固公社	29:31
1984-61-19	骑车	我国虽有一亿多人每天骑车，却都是作为代步交通工具，而从事自行车运动训练的，全国还不到五百人	10:12
1964-39-19	骑车	海淀区四季青供销社香山门市部新职工尹定文，刻苦钻研业务技术，她为了给农村送货，努力练习骑三轮车、自行车的技术，学会了在很难走的路上骑车带货的本领	65:67
1965-30-19	骑车	工地上就我一个妇女，找个厕所都困难，晚上骑车子赶路不知摔了多少个跤	20:22
2002-78-19	骑车	8时10分，电波中传来市公安机关民警在配合溪西卡点检查时，截留了2部涉嫌盗窃的摩托车，2名骑车者被“请”进了警车	45:47
1983-57-19	骑车	值勤民警发现骑车违章者，于职责讲，自然应当给予批评教育，按法律也要处以罚款	6:8
1990-99-19	骑车	伊夫林和安迪·贾维斯夫妇希望他们的骑车游说，能够引起人们对保护森林和生态环境的重视	17:19
1975-20-19	骑车	县委第一书记崔宽心身患慢性疾病，行动不便，骑车子曾几次跌倒	21:23
1965-19-19	骑车	有一次，他在团里学习，开饭时吃到了鲜鱼，还想起连里同志好久没吃鲜鱼，就去买了几十斤，利用学习空隙骑车送了二十多里，交给本连来取的同志，让大家尝个新鲜	48:50
1983-69-19	骑车	骑车路过的群众，也都争着上车抢救受伤的战士	0:2
1978-3-19	骑车	刮风下雪不能骑车了，她一半心思跟着丈夫先上了路，一半心思在家料理家务	6:8
1995-84-19	骑车	说到这里，我想起北京一位１４岁的中学生，她叫晓洁，放学骑车时不慎撞伤了一位老人	27:29
1959-46-19	骑车	骑车的向路边靠了靠，小姑娘跟过来	0:2
1960-2-19	骑车	这儿，旁边同时就有两三个行人劝住他，说骑车的人自然有错，可人家也不是存心要撞，而且已经打了招呼	19:21
1988-59-19	骑车	“带一段，还算骑车上北京吗	7:9
1958-36-19	骑车	第三建筑工程公司第三建筑工地党政工团的主要负责人，把行李搬进工棚与工人在一起住宿以后，很多下了班就骑车回家的工人争先把行李搬回工地，工人因回家造成的迟到早退的现象消灭了，每次小组会和鸣放会也都全体出席了	49:51
1965-49-19	骑车	对骑自行车的人，除了应该注意骑车不熟练和农村自行车灯闸铃设备不齐全外，还要特别注意青年人骑车好并行、好抢行、好竞行、好玩俏等特点	14:16
1965-13-19	骑车	现在和过去不同了，我们整天骑车子转，深入不下去	13:15
2000-65-19	骑车	赶忙跑到路边村子里向农家讨了一块塑料薄膜，将书包得严严实实，路上烂得不能骑车，只得打了赤脚，扛上车而行，心里还老是惦记着那几本书，可别给雨弄湿了	36:38
1957-24-19	骑车	不到一小时，区卫生所的医生骑车子赶来了，打针抢救，忙了半天，血才止住了	13:15
2003-73-19	骑车	以前上班、出门要么坐公共汽车，要么打车，但前一阵子两人到亚运村商品折扣广场买了两辆打折自行车后，出门都改骑车了	52:54
1972-25-19	骑车	但是，骑车的社员骑到一座有坡度的小桥跟前就跳了下来，把车推过桥去	3:5
1976-18-19	骑车	河顺公社党委成员，每人都买了一个新粪筐，由原来的骑车下乡变成了徒步拾粪	24:26
1954-6-19	骑车	有一天，孙忠国正在操场上骑车子，一个护士跑来高兴地喊道：“孙同志，体格检查委员会的同志来啦	12:14
1988-96-19	骑车	15日傍晚，偷了一辆自行车，连开两枪打开车锁，躲到当晚23时许，骑车逃往乐清，途经水闸大桥时被奉命堵截的温州市公安局和乐清县公安局人员抓获	32:34
2002-89-19	骑车	区委书记王士杰说，步行或骑车上下班是由他提议经区委常委会研究通过并在节后全区领导干部大会上宣布的，是响应市委号召、落实中央有关转变作风精神的具体行动	12:14
2003-56-19	骑车	骑车上下班不仅活络了手脚腰颈部，而且也动了脑和眼，眼脑手脚并用，身体的协调感很好	0:2
1980-81-19	骑车	王光、韩栋和两位社员千里迢迢赶到富平后，每天天一亮就骑车下乡，一个队一个队跑，一只羊一只羊挑，到晚上还要到存放地点查看羊子有没有吃饱喂足，一连四天，天天忙到深更半夜	26:28
1989-75-19	骑车	在城镇，人们不论是搞运输，还是乘车、骑车、步行，都希望道路四通八达、畅行无阻	18:20
1998-72-19	骑车	每次骑车都是两三个装书和衣物的提包，驮在车架上沉甸甸的，十几公里骑完，浑身汗水不说，有时车胎瘪了，还得四处找补胎的；有时饿得浑身没了力气，蹬起车来直哆嗦；有时降温刮起五六级大风，近两个小时的路程一下拉成了三个小时；有时凉风灌得肚疼拉稀，脚后跟冻得疼好几天	2:4
1995-50-19	骑车	在此提醒女同胞们，骑车时要把包放在前车筐内，将包带绕在车把上，切勿怕麻烦；若把包斜挎于肩上，定要置于胸前；骑车早出晚归的女士最好结伴而行	9:11
1985-76-19	骑车	没有公车，走路到不了，骑车太花时间，何况此地冬天天冻地寒，路上经常有雪，不可能骑车，所以非得开车	11:13
1981-55-19	骑车	我骑车带上五六百斤泔水往回赶，到家就夜里11点了	1:3
1965-44-19	骑车	他一面骑车，一面在想：这大队学习毛主席著作可真不坏，我算是上了一大课呐	3:5
1956-29-19	骑车	中共西安市委的部长，每人外出都有汽车可乘坐，但是市委行政处却给他们每人发了一辆自行车，结果有的部长的车子两年多都没有骑用过一次；有的部长根本就不会骑车子，一直把车子交给通讯员保管	73:75
1961-5-19	骑车	因份量过重，骑车又不熟练，刚走出不远就在一个拐角的地方跌倒了	6:8
1956-42-19	骑车	在北京读书的时候，每个星期天都骑车出城，到香山，爬上香山的最高峰“鬼见愁”，然后再骑车进城回家	15:17
1997-93-19	骑车	他说：“坐车、骑车都是为了工作，既然骑车能解决问题，又何必非要坐小车不可呢	7:9
